Age_BP,Temp_C
95.1409,-31.5913
107.13000000000001,-31.622
113.149,-31.6026
119.20500000000001,-31.6002
119.20500000000001,-31.598
125.45100000000001,-31.6656
132.407,-31.7235
138.80700000000002,-31.7583
145.126,-31.8098
152.263,-31.8415
152.263,-31.8813
159.38,-31.9559
165.464,-32.0241
171.847,-32.038
179.421,-31.9872
186.62300000000002,-31.9689
193.605,-31.9954
200.585,-32.022
200.585,-32.0291
208.10600000000002,-32.0198
215.304,-32.0128
223.06799999999998,-32.0254
231.056,-32.0263
238.56199999999998,-32.0213
245.66299999999998,-32.0117
253.46099999999998,-32.0337
261.287,-32.0807
268.471,-32.072
275.943,-32.0267
284.12199999999996,-32.0002
292.52299999999997,-31.988
292.52299999999997,-32.0024
299.88,-32.0013
307.30600000000004,-32.0133
314.683,-32.0339
322.11400000000003,-32.0898
330.199,-32.0848
338.479,-32.0848
346.279,-32.037
354.18699999999995,-32.005
361.642,-31.9876
369.36,-31.9811
377.25199999999995,-31.9811
385.137,-31.9926
393.70500000000004,-31.9715
402.092,-31.942
409.803,-31.9187
417.837,-31.9126
426.195,-31.9385
435.395,-31.9591
444.124,-31.9648
444.124,-32.0093
452.151,-32.0243
460.146,-31.9889
468.21000000000004,-31.942
477.154,-31.885
485.86,-31.8772
493.906,-31.8572
502.12800000000004,-31.884
510.54699999999997,-31.8584
519.61,-31.8444
529.9789999999999,-31.8076
538.161,-31.8108
546.961,-31.9024
555.7860000000001,-31.9472
563.878,-32.0128
571.7339999999999,-32.0312
579.8109999999999,-32.016
588.1840000000001,-31.99
596.972,-31.9488
604.8480000000001,-31.9144
613.3380000000001,-31.8792
621.464,-31.8316
629.783,-31.7896
638.325,-31.7176
646.9,-31.7244
655.2710000000001,-31.7816
663.814,-31.7732
672.3679999999999,-31.7012
681.144,-31.6588
689.778,-31.7204
698.622,-31.7436
707.583,-31.8088
716.2539999999999,-31.8296
724.727,-31.8896
733.7439999999999,-31.9744
742.976,-31.9956
751.827,-31.9024
760.574,-31.7144
769.708,-31.5472
779.4499999999999,-31.4508
789.362,-31.3852
798.428,-31.3748
807.7220000000001,-31.3456
816.94,-31.3132
826.615,-31.3156
835.7379999999999,-31.3444
844.395,-31.36
852.799,-31.3656
860.838,-31.3844
869.22,-31.378
878.4110000000001,-31.3224
886.462,-31.2496
895.097,-31.2776
903.091,-31.2616
912.2280000000001,-31.2084
922.222,-31.0276
931.148,-30.9288
939.188,-30.8272
947.684,-30.6236
955.8670000000001,-30.4956
964.939,-30.4628
973.903,-30.5276
981.625,-30.6348
990.328,-30.6732
998.549,-30.6752
1008.06,-30.7012
1016.75,-30.7436
1024.98,-30.886
1033.73,-30.986
1042.65,-31.0792
1051.26,-31.0816
1059.27,-31.0876
1068.1799999999998,-31.0812
1077.1599999999999,-31.1404
1086.41,-31.1968
1095.54,-31.2252
1104.13,-31.26
1113.06,-31.3228
1121.25,-31.45
1130.51,-31.5652
1139.04,-31.5872
1147.3500000000001,-31.6168
1155.8600000000001,-31.666
1164.76,-31.8344
1173.2800000000002,-31.9684
1180.46,-32.0592
1188.8700000000001,-32.1312
1197.94,-32.1568
1206.2600000000002,-32.1876
1214.72,-32.1728
1224.0,-32.1616
1232.5900000000001,-32.142
1241.5400000000002,-32.0588
1249.5400000000002,-32.0
1258.01,-31.9184
1266.91,-31.914
1276.0800000000002,-31.8824
1285.9,-31.8288
1285.9,-31.7664
1295.24,-31.7312
1295.24,-31.7696
1304.0400000000002,-31.79
1304.0400000000002,-31.7968
1312.23,-31.7416
1312.23,-31.7568
1320.75,-31.8148
1329.46,-31.8756
1337.92,-31.8216
1346.97,-31.678
1356.1000000000001,-31.6064
1356.1000000000001,-31.54
1365.15,-31.4136
1375.5,-31.3372
1455.17,-31.2064
1465.24,-31.1224
1474.77,-31.0504
1484.54,-30.972
1495.5,-30.8616
1505.24,-30.6132
1514.8600000000001,-30.406
1561.5,-30.8536
1570.94,-30.8684
1581.2,-30.8528
1586.1000000000001,-30.8248
1586.1000000000001,-30.8028
1610.08,-30.6912
1615.4299999999998,-30.6036
1620.76,-30.4744
1639.27,-30.5144
1649.24,-30.548
1659.27,-30.6032
1668.52,-30.6744
1678.6799999999998,-30.784
1688.81,-30.9292
1688.81,-31.054
1699.48,-31.0616
1709.41,-31.0372
1718.93,-31.1236
1728.9399999999998,-31.038
1739.28,-31.0952
1749.62,-31.06
1759.46,-31.062
1769.2,-31.0356
1780.29,-30.9572
1789.7099999999998,-30.9284
1800.35,-30.9844
1811.42,-31.0492
1823.15,-31.0444
1833.3,-31.0452
1842.8700000000001,-31.1384
1862.5100000000002,-31.2244
1871.47,-31.2044
1881.88,-31.1904
1892.1399999999999,-31.1048
1901.98,-31.0352
1912.45,-30.9324
1922.03,-30.8292
1931.0700000000002,-30.5908
1940.26,-30.4624
1946.08,-30.312
1958.5600000000002,-30.308
1968.49,-30.2532
1977.99,-30.2448
1987.76,-30.23
1997.4099999999999,-30.21
2006.8700000000001,-30.1052
2016.53,-29.9572
2019.2299999999998,-29.8624
2033.56,-29.8748
2046.1399999999999,-29.8372
2046.1399999999999,-29.7996
2057.1000000000004,-29.6404
2068.24,-29.5708
2078.9399999999996,-29.6412
2088.46,-29.6832
2099.2999999999997,-29.7492
2108.3599999999997,-29.7792
2116.16,-29.8368
2127.7599999999998,-29.8812
2139.09,-30.016
2149.19,-30.1064
2159.4,-30.116
2170.28,-30.024
2181.81,-29.984
2192.24,-29.99
2202.3100000000004,-30.0324
2212.4199999999996,-30.2
2222.78,-30.3908
2233.1400000000003,-30.5716
2242.9,-30.584
2252.95,-30.5556
2263.02,-30.6676
2272.97,-30.7688
2292.9300000000003,-30.682
2292.9300000000003,-30.608
2303.03,-30.4748
2313.7799999999997,-30.3012
2323.76,-30.1432
2333.94,-30.0964
2354.5,-30.1232
2354.5,-30.0996
2364.83,-30.1556
2372.52,-30.1732
2372.52,-30.2732
2394.24,-30.4764
2405.58,-30.5296
2413.46,-30.468
2426.53,-30.3708
2434.0099999999998,-30.3168
2441.8,-30.296
2457.2400000000002,-30.3252
2467.6200000000003,-30.3972
2478.1,-30.3908
2478.1,-30.3904
2499.88,-30.3548
2510.6600000000003,-30.3288
2521.09,-30.356
2530.11,-30.534
2541.44,-30.708
2553.75,-30.7632
2564.1699999999996,-30.8272
2574.83,-30.894
2586.38,-30.8808
2597.45,-30.8524
2608.55,-30.8228
2619.46,-30.7372
2630.5499999999997,-30.7356
2641.07,-30.7968
2651.62,-30.7888
2661.9100000000003,-30.716
2672.43,-30.5204
2682.7999999999997,-30.4736
2693.7799999999997,-30.5832
2704.38,-30.6768
2715.62,-30.8152
2726.15,-30.9
2737.76,-30.9512
2747.92,-30.9668
2758.7000000000003,-30.9428
2771.7900000000004,-30.9504
2783.87,-30.8692
2794.7000000000003,-30.7616
2805.21,-30.6812
2816.16,-30.6324
2826.8900000000003,-30.5648
2837.0899999999997,-30.55
2847.42,-30.5444
2856.2799999999997,-30.4556
2867.95,-30.4336
2879.13,-30.4768
2889.7599999999998,-30.5576
2900.92,-30.598
2911.6499999999996,-30.5196
2922.35,-30.5196
2933.49,-30.5792
2944.18,-30.6144
2955.23,-30.6136
2965.84,-30.584
2976.28,-30.5716
2986.84,-30.55
2998.08,-30.6104
3009.57,-30.6812
3020.42,-30.6904
3031.6200000000003,-30.682
3042.36,-30.7092
3042.36,-30.6628
3053.23,-30.614
3064.01,-30.7688
3074.77,-30.8804
3085.33,-30.7972
3096.39,-30.5932
3108.0299999999997,-30.3016
3120.79,-30.1508
3133.29,-30.0836
3145.54,-29.982
3158.23,-29.8252
3169.81,-29.6896
3181.1099999999997,-29.6084
3193.2,-29.5512
3204.0299999999997,-29.52
3214.5800000000004,-29.4428
3227.6099999999997,-29.27
3237.71,-29.1308
3248.64,-29.046
3260.1800000000003,-28.9916
3274.39,-28.912
3286.1,-28.802
3297.07,-28.748
3308.47,-28.8592
3320.32,-29.152
3331.1099999999997,-29.5372
3343.2,-29.7272
3354.72,-29.6492
3367.3700000000003,-29.7116
3378.6800000000003,-29.9108
3378.6800000000003,-30.0028
3390.53,-30.042
3402.28,-30.068
3410.73,-30.0736
3425.56,-30.104
3437.44,-30.09
3449.3399999999997,-30.1524
3462.06,-30.2792
3491.26,-30.3076
3510.2799999999997,-30.4036
3522.52,-30.5624
3533.88,-30.5792
3544.95,-30.4848
3557.81,-30.3464
3569.09,-30.2572
3581.5800000000004,-30.1548
3605.74,-29.9812
3617.5099999999998,-29.7988
3626.31,-29.8404
3636.24,-29.896
3651.83,-29.9384
3665.1699999999996,-30.1136
3676.8999999999996,-30.2796
3688.97,-30.396
3701.28,-30.476
3713.43,-30.3912
3725.2900000000004,-30.2644
3736.11,-30.2116
3747.2599999999998,-30.2676
3759.66,-30.3796
3772.0600000000004,-30.5124
3784.02,-30.5568
3796.0099999999998,-30.768
3808.16,-30.7912
3817.44,-30.85
3832.1800000000003,-31.008
3843.79,-31.0768
3855.57,-31.046
3867.21,-31.0388
3880.09,-31.09
3888.3,-31.156
3904.87,-31.1772
3916.4300000000003,-31.1752
3929.05,-31.2212
3941.7200000000003,-31.2308
3953.6699999999996,-31.1632
3966.4700000000003,-31.088
3978.73,-31.0604
3989.62,-31.0708
3989.62,-31.0932
4016.89,-30.9952
4016.89,-30.914
4029.42,-30.9148
4041.6100000000006,-30.9116
4054.4,-30.7012
4067.09,-30.6292
4079.96,-30.6284
4092.0899999999997,-30.5092
4103.32,-30.4428
4117.8,-30.3648
4130.099999999999,-30.3132
4143.78,-30.3044
4156.139999999999,-30.2968
4168.17,-30.3596
4182.43,-30.4568
4195.070000000001,-30.4828
4207.5199999999995,-30.3596
4219.280000000001,-30.2096
4231.73,-30.184
4244.4,-30.1632
4256.79,-30.1116
4269.110000000001,-30.2252
4294.27,-30.4428
4294.27,-30.4512
4307.31,-30.6972
4320.070000000001,-30.7604
4332.97,-30.8104
4345.21,-30.9116
4357.67,-30.9476
4370.4400000000005,-31.0528
4380.4,-31.0964
4395.900000000001,-31.026
4409.16,-31.0648
4421.79,-31.19
4433.29,-31.3324
4445.44,-31.4752
4460.16,-31.5024
4473.02,-31.4716
4485.59,-31.4972
4498.01,-31.4992
4510.66,-31.4524
4520.62,-31.1728
4536.26,-31.0408
4549.610000000001,-31.0936
4562.99,-31.1496
4575.88,-31.1792
4588.79,-31.262
4602.610000000001,-31.5564
4615.38,-31.7592
4628.650000000001,-31.6288
4641.13,-31.546
4654.35,-31.5604
4667.28,-31.492
4680.990000000001,-31.524
4692.71,-31.6804
4706.96,-31.7636
4719.55,-31.8592
4731.849999999999,-31.9392
4744.97,-31.99
4759.2,-32.0408
4771.06,-31.9772
4784.46,-31.9276
4798.21,-31.9264
4811.47,-31.6268
4824.09,-31.1784
4835.94,-31.0256
4851.13,-31.0276
4857.74,-31.002
4878.3099999999995,-30.888
4891.200000000001,-30.8236
4904.080000000001,-30.7664
4917.32,-30.6044
4930.74,-30.526
4943.26,-30.3604
4957.429999999999,-30.2396
4970.54,-30.24
4983.65,-30.2272
4996.37,-30.0832
5009.9,-29.9044
5023.75,-29.9024
5037.89,-30.1796
5051.63,-30.3712
5065.91,-30.3268
5079.0,-30.25
5092.1900000000005,-30.2488
5106.080000000001,-30.3864
5120.669999999999,-30.3256
5134.25,-30.1728
5147.63,-30.114
5161.82,-29.972
5175.77,-29.9844
5189.4400000000005,-30.0092
5203.57,-29.9588
5217.7300000000005,-30.0732
5217.7300000000005,-30.1352
5231.620000000001,-30.1988
5246.23,-30.1508
5260.469999999999,-30.1524
5274.77,-30.274
5288.29,-30.3996
5302.05,-30.4916
5327.4400000000005,-30.656
5345.5,-30.9896
5360.25,-31.2688
5375.0,-31.4068
5389.14,-31.49
5402.910000000001,-31.4604
5417.21,-31.5168
5431.009999999999,-31.5164
5444.33,-31.398
5458.68,-31.2252
5473.04,-31.1188
5488.24,-31.0236
5502.54,-30.9024
5517.17,-30.8612
5532.12,-30.7296
5547.42,-30.4972
5562.37,-30.2972
5577.429999999999,-30.0928
5591.89,-30.0256
5606.92,-30.0888
5621.63,-30.0264
5636.04,-29.9068
5650.76,-29.9324
5665.740000000001,-30.0268
5681.3099999999995,-30.1428
5696.51,-30.2084
5711.58,-30.2144
5727.68,-30.34
5743.86,-30.4028
5759.66,-30.402
5775.280000000001,-30.4208
5791.24,-30.5328
5807.7300000000005,-30.702
5822.530000000001,-30.5928
5839.0,-30.4672
5854.63,-30.5316
5869.23,-30.5912
5884.490000000001,-30.6264
5900.23,-30.5388
5915.58,-30.4428
5930.39,-30.4052
5945.35,-30.308
5960.34,-30.2208
5975.7300000000005,-30.286
5990.83,-30.3368
6005.96,-30.3084
6020.900000000001,-30.2136
6034.96,-30.3616
6050.12,-30.6112
6065.53,-30.7188
6080.860000000001,-30.766
6096.2300000000005,-30.658
6111.94,-30.5184
6127.64,-30.5828
6144.18,-30.6424
6160.34,-30.648
6176.14,-30.6684
6191.860000000001,-30.8152
6205.87,-30.8952
6220.51,-30.928
6236.64,-30.9564
6253.05,-31.1336
6268.72,-31.1204
6285.33,-30.8376
6301.84,-30.7268
6318.32,-30.7548
6333.71,-30.8388
6348.87,-30.9292
6365.1,-30.8764
6380.530000000001,-30.8852
6395.76,-30.9984
6411.31,-30.9712
6426.4400000000005,-30.8764
6441.71,-30.786
6454.1,-30.6648
6469.42,-30.5268
6489.84,-30.5572
6505.6900000000005,-30.7032
6521.759999999999,-30.8692
6538.22,-30.9756
6553.45,-30.9136
6569.5,-30.9204
6585.25,-31.0852
6600.5,-31.0988
6615.83,-30.89
6632.07,-30.8152
6647.79,-30.8988
6663.22,-30.9104
6679.15,-30.9364
6695.54,-30.9736
6711.02,-30.8472
6727.16,-30.6172
6743.47,-30.3368
6759.23,-30.124
6776.29,-29.9692
6792.28,-29.6656
6809.46,-29.434
6826.139999999999,-29.4184
6843.549999999999,-29.4084
6860.83,-29.226
6877.12,-28.9944
6893.93,-28.9868
6909.889999999999,-28.9756
6925.5199999999995,-28.8252
6942.31,-28.9184
6958.35,-29.0596
6974.97,-29.1308
6974.97,-29.1676
6991.52,-29.4676
7008.94,-29.916
7043.2300000000005,-30.3196
7043.2300000000005,-30.2892
7060.31,-30.474
7077.94,-30.6828
7095.19,-30.9452
7112.320000000001,-30.9768
7125.35,-30.9636
7145.8,-31.1032
7163.509999999999,-31.132
7180.5199999999995,-31.2808
7197.45,-31.4364
7213.19,-31.42
7230.45,-31.2596
7247.150000000001,-31.1212
7265.27,-30.976
7282.2300000000005,-30.78
7299.9,-30.6744
7318.0,-30.5712
7333.719999999999,-30.5724
7351.3,-30.472
7369.07,-30.2812
7386.320000000001,-30.15
7403.22,-29.9776
7419.6900000000005,-29.8564
7436.69,-29.8072
7454.049999999999,-30.0108
7471.2699999999995,-30.1188
7487.72,-30.1256
7504.61,-30.2656
7522.2,-30.308
7539.589999999999,-30.2796
7556.58,-30.0988
7574.75,-30.1288
7592.4800000000005,-30.2872
7608.889999999999,-30.2936
7625.59,-30.2704
7642.67,-30.0944
7659.86,-29.9088
7678.21,-29.592
7695.46,-29.3396
7713.0,-29.2832
7730.63,-29.1944
7746.95,-29.1532
7765.150000000001,-28.928
7783.12,-28.8632
7800.33,-28.8588
7817.32,-28.702
7834.54,-28.712
7851.47,-28.7472
7868.34,-28.9236
7885.7699999999995,-29.1064
7903.58,-29.1612
7921.31,-29.162
7939.099999999999,-29.1468
7957.05,-29.1308
7974.62,-29.2384
7993.179999999999,-29.6408
8011.54,-29.9208
8029.0199999999995,-30.0864
8046.2699999999995,-30.2788
8064.42,-30.4052
8083.119999999999,-30.5756
8100.59,-30.5459
8119.109999999999,-30.7749
8136.41,-30.8758
8153.16,-31.3526
8171.049999999999,-31.8086
8190.02,-32.2392
8210.539999999999,-32.4422
8229.97,-32.4
8250.54,-32.3196
8269.130000000001,-32.2388
8290.01,-32.1624
8309.8,-32.0798
8330.24,-32.0107
8348.58,-31.9529
8365.9,-31.7431
8384.560000000001,-31.3673
8404.550000000001,-30.9511
8424.039999999999,-30.6043
8442.56,-30.389
8461.0,-30.3226
8480.08,-30.381
8499.25,-30.4508
8519.41,-30.4508
8538.61,-30.3911
8558.35,-30.3098
8577.52,-30.2165
8597.35,-30.134
8615.28,-30.1719
8632.64,-30.1798
8651.81,-30.1391
8670.76,-30.1621
8689.109999999999,-30.0722
8707.61,-29.9208
8726.78,-29.8419
8747.69,-29.8171
8766.07,-29.7985
8785.0,-29.8242
8803.22,-29.8979
8821.89,-29.8682
8842.33,-29.6979
8862.39,-29.5147
8883.49,-29.4211
8903.58,-29.3893
8923.400000000001,-29.4413
8941.96,-29.5777
8961.34,-29.6355
8980.44,-29.6404
9000.81,-29.6642
9020.86,-29.6547
9041.029999999999,-29.5281
9061.15,-29.4456
9082.01,-29.5914
9100.9,-29.8447
9120.35,-29.9694
9139.060000000001,-29.9547
9158.42,-30.0505
9177.55,-30.1407
9198.880000000001,-30.1385
9198.880000000001,-30.1777
9217.99,-30.2914
9238.009999999998,-30.2703
9259.62,-30.1954
9281.42,-30.2263
9302.11,-30.0948
9323.18,-29.9703
9345.539999999999,-29.9569
9365.93,-29.9826
9386.43,-30.0367
9407.56,-30.0664
9425.57,-30.1734
9446.83,-30.237
9468.09,-30.2707
9488.87,-30.3853
9510.04,-30.4691
9532.24,-30.6086
9555.970000000001,-30.7177
9578.95,-30.6242
9601.42,-30.6119
9623.97,-30.4966
9646.99,-30.1771
9670.460000000001,-29.9141
9693.74,-29.8596
9715.7,-29.8865
9741.41,-29.8489
9763.75,-29.9541
9786.86,-30.1003
9810.31,-30.3196
9833.91,-30.422
9857.34,-30.333
9879.68,-30.4648
9902.240000000002,-30.6752
9925.33,-30.5437
9971.94,-30.4844
9996.27,-30.5627
10016.6,-30.4963
10028.4,-30.4391
10052.199999999999,-30.4174
10064.4,-30.415
10075.900000000001,-30.4835
10099.5,-30.5596
10111.3,-30.5419
10122.5,-30.6009
10134.2,-30.678
10147.4,-30.7434
10160.1,-30.8129
10172.800000000001,-30.8749
10172.800000000001,-30.8982
10186.199999999999,-30.9667
10199.1,-31.0648
10212.400000000001,-31.1572
10225.5,-31.2422
10239.2,-31.3544
10252.1,-31.4752
10264.099999999999,-31.5973
10276.1,-31.7171
10288.0,-31.8275
10300.1,-31.9245
10313.2,-32.0223
10323.800000000001,-32.1138
10336.3,-32.2064
10350.199999999999,-32.2957
10364.3,-32.3982
10389.699999999999,-32.5263
10401.6,-32.6119
10414.1,-32.6914
10428.0,-32.7609
10439.9,-32.8025
10439.9,-32.83
10452.8,-32.8578
10468.3,-32.8847
10468.3,-32.9067
10481.400000000001,-32.9346
10494.0,-32.9755
10509.0,-33.0171
10522.0,-33.0783
10537.0,-33.1569
10551.0,-33.1918
10565.0,-33.2541
10580.0,-33.2725
10593.0,-33.3263
10606.0,-33.389
10620.0,-33.4807
10634.0,-33.5587
10648.0,-33.6404
10662.0,-33.7566
10678.0,-33.8551
10692.0,-33.9459
10706.0,-34.0437
10720.0,-34.1251
10734.0,-34.204
10747.0,-34.2847
10762.0,-34.3801
10762.0,-34.415
10792.0,-34.5911
10806.0,-34.6954
10819.0,-34.8006
10819.0,-34.8495
10833.0,-34.9272
10847.0,-35.0125
10862.0,-35.0468
10877.0,-35.0771
10891.0,-35.1263
10921.0,-35.5526
10937.0,-35.5352
10951.0,-35.544
10965.0,-34.963
10980.0,-35.1465
10995.0,-35.404
11011.0,-35.4523
11025.0,-35.3474
11039.0,-35.618
11057.0,-35.7361
11071.0,-36.2211
11087.0,-36.208
11101.0,-35.9327
11120.0,-36.0682
11135.0,-36.3914
11149.0,-36.304
11163.0,-35.9939
11180.0,-35.3911
11197.0,-35.4523
11213.0,-35.3691
11229.0,-35.4566
11243.0,-35.3954
11258.0,-35.4609
11274.0,-35.8061
11289.0,-36.3661
11307.0,-36.422
11324.0,-37.7459
11339.0,-37.7728
11354.0,-38.3945
11371.0,-38.7716
11389.0,-39.4242
11408.0,-39.4547
11427.0,-38.8125
11446.0,-38.7563
11462.0,-38.0428
11479.0,-37.3495
11496.0,-36.6361
11512.0,-36.6187
11527.0,-36.5226
11542.0,-35.8847
11558.0,-35.8969
11576.0,-36.3355
11594.0,-36.152
11611.0,-36.6413
11628.0,-37.8034
11647.0,-39.8676
11666.0,-41.5342
11666.0,-42.4037
11690.0,-44.3364
11723.0,-45.4358
11755.0,-46.8731
11790.0,-46.4679
11823.0,-47.1024
11857.0,-48.3028
11889.0,-47.6682
11922.0,-47.6911
11959.0,-47.737
11993.0,-46.4908
12029.0,-46.6132
12063.0,-46.5673
12104.0,-46.2844
12140.0,-46.9954
12174.0,-47.3471
12213.0,-47.7217
12246.0,-47.6223
12280.0,-47.2018
12322.0,-47.5306
12322.0,-47.3801
12401.0,-47.6758
12438.0,-48.3028
12475.0,-48.1881
12511.0,-48.1575
12550.0,-48.3945
12588.0,-48.9679
12628.0,-49.4878
12666.0,-49.7706
12705.0,-50.13
12745.0,-49.5489
12779.0,-49.5107
12817.0,-49.6483
12854.0,-49.2049
12887.0,-48.0428
12920.0,-45.9021
12948.0,-44.1208
12973.0,-42.104
12993.0,-41.3517
13014.0,-41.156
13035.0,-41.0703
13055.0,-41.5535
13079.0,-41.9083
13102.0,-43.1376
13122.0,-44.2569
13145.0,-45.0092
13173.0,-45.7645
13205.0,-46.2156
13236.0,-46.1774
13262.0,-45.0841
13291.0,-43.8165
13316.0,-43.3639
13344.0,-42.2569
13366.0,-41.2049
13393.0,-40.6055
13416.0,-39.9817
13436.0,-39.578
13460.0,-39.0581
13482.0,-39.6147
13504.0,-39.3211
13527.0,-39.0398
13547.0,-38.5138
13588.0,-38.4303
13605.0,-38.6034
13625.0,-39.2966
13625.0,-39.6758
13647.0,-40.0306
13672.0,-40.526
13697.0,-40.4771
13720.0,-40.1162
13742.0,-39.2294
13762.0,-39.0031
13802.0,-38.8939
13821.0,-38.9144
13841.0,-39.1437
13862.0,-39.1795
13862.0,-39.2355
13882.0,-39.37
13902.0,-39.37
13924.0,-39.3761
13947.0,-38.7829
13969.0,-39.0153
13988.0,-39.6697
14010.0,-40.8012
14031.0,-41.792
14051.0,-42.9908
14081.0,-42.6422
14110.0,-41.6024
14131.0,-40.3425
14171.0,-39.4291
14187.0,-38.3792
14206.0,-38.3893
14225.0,-38.1703
14244.0,-37.7012
14261.0,-37.2018
14281.0,-36.4168
14299.0,-35.8205
14318.0,-34.9388
14334.0,-34.3884
14352.0,-34.256
14369.0,-34.2813
14384.0,-34.1031
14401.0,-34.2303
14419.0,-34.5055
14436.0,-34.2713
14454.0,-34.1997
14470.0,-33.3281
14485.0,-32.7917
14500.0,-32.3765
14516.0,-31.992
14532.0,-32.1144
14548.0,-31.7737
14565.0,-32.2719
14580.0,-32.9795
14596.0,-33.1551
14612.0,-33.7055
14629.0,-34.6177
14648.0,-36.1061
14669.0,-38.267
14669.0,-38.9847
14688.0,-41.1621
14711.0,-42.8073
14749.0,-44.3043
14788.0,-44.5872
14824.0,-44.6713
14860.0,-44.633
14897.0,-45.0153
14932.0,-45.5581
14968.0,-45.2829
15001.0,-45.107
15035.0,-45.2141
15074.0,-44.6636
15108.0,-44.3425
15142.0,-43.6162
15176.0,-42.8899
15214.0,-43.448
15250.0,-43.4327
15292.0,-44.1361
15292.0,-44.6789
15333.0,-44.7706
15375.0,-45.1171
15420.0,-45.5046
15500.0,-45.344
15535.0,-45.3364
15579.0,-44.9694
15579.0,-44.7606
15618.0,-46.0245
15660.0,-47.4823
15740.0,-47.1789
15740.0,-46.7073
15784.0,-46.626
15825.0,-47.5434
15903.0,-48.8609
15946.0,-49.2661
15946.0,-49.5413
15990.0,-48.481
16033.000000000002,-47.0948
16072.0,-45.6881
16114.999999999998,-45.2193
16158.999999999998,-45.5557
16236.0,-45.6957
16274.0,-46.1621
16314.0,-45.7034
16347.999999999998,-45.841
16389.0,-45.8104
16389.0,-45.4639
16465.0,-46.2997
16465.0,-46.6055
16510.0,-47.2171
16553.0,-47.6352
16629.0,-47.0642
16662.0,-46.9037
16702.0,-47.5382
16740.0,-47.0872
16773.0,-47.3318
16813.0,-45.9404
16845.0,-45.2982
16885.0,-45.734
16919.0,-45.1453
16960.0,-47.0795
16998.0,-47.4159
16998.0,-47.5229
17042.0,-48.3691
17083.0,-47.6352
17127.0,-48.2162
17169.0,-47.7777
17245.0,-45.8181
17284.0,-45.0229
17284.0,-44.6076
17333.0,-44.7502
17374.0,-44.6584
17416.0,-43.8021
17458.0,-44.7502
17503.0,-44.6994
17548.0,-44.73
17593.0,-43.5168
17638.0,-44.2303
17684.0,-44.8113
17730.0,-45.7697
17776.0,-46.3202
17821.0,-45.8817
17869.0,-44.8725
17920.0,-43.578
17970.0,-43.3232
18019.0,-43.8838
18071.0,-44.4853
18116.0,-44.689
18165.0,-44.2914
18216.0,-43.6291
18266.0,-43.9755
18317.0,-44.4749
18360.0,-44.1385
18408.0,-44.108
18464.0,-43.5373
18514.0,-44.8523
18563.0,-45.1477
18610.0,-45.9838
18663.0,-44.4343
18715.0,-43.9144
18767.0,-43.3128
18819.0,-43.9349
18877.0,-43.6492
18927.0,-43.2722
18980.0,-43.2009
19033.0,-43.8327
19077.0,-43.8226
19126.0,-43.8431
19167.0,-42.9664
19210.0,-42.6606
19253.0,-42.9257
19293.0,-43.7309
19336.0,-44.6177
19382.0,-45.0664
19422.0,-45.0459
19466.0,-45.4028
19511.0,-45.4841
19560.0,-45.3211
19602.0,-45.0664
19658.0,-45.3517
19708.0,-45.637
19761.0,-46.045
19812.0,-45.9122
19858.0,-46.5749
19904.0,-45.9939
19954.0,-45.9226
20007.0,-45.311
20051.0,-45.7492
20099.0,-46.3609
20144.0,-46.4933
20188.0,-47.0236
20233.0,-47.533
20281.0,-48.3079
20331.0,-48.3691
20376.0,-46.7991
20425.0,-45.1275
20478.0,-45.0664
20526.0,-44.9541
20572.0,-45.5147
20621.0,-44.5055
20671.0,-45.5862
20721.0,-46.585
20774.0,-47.4719
20830.0,-47.2272
20877.0,-47.6248
20926.0,-48.0428
20982.0,-48.4609
21036.0,-48.3997
21087.0,-48.7972
21137.0,-48.9603
21191.0,-49.2355
21239.0,-49.6942
21292.0,-50.6321
21345.0,-50.4893
21396.0,-49.8572
21449.0,-49.0725
21502.0,-49.5514
21556.0,-49.9183
21612.0,-50.4893
21671.0,-49.256
21727.0,-49.0315
21793.0,-48.1346
21856.0,-49.2254
21916.0,-48.7869
21979.5,-49.1538
22035.5,-48.7055
22090.5,-48.6138
22138.5,-48.0835
22186.5,-47.4719
22251.5,-48.0021
22298.5,-48.8174
22359.5,-49.47
22421.0,-48.889
22481.0,-48.1856
22538.0,-48.1651
22595.0,-48.9398
22650.0,-49.0419
22707.0,-48.5526
22763.0,-48.267
22815.0,-48.1245
22871.0,-47.1459
22926.0,-44.73
22974.0,-43.8327
23028.0,-45.4333
23082.0,-47.7777
23133.0,-49.47
23185.0,-49.2966
23247.0,-48.9502
23297.0,-46.1468
23341.0,-43.211
23392.0,-42.2119
23444.0,-43.9755
23505.0,-47.8287
23566.0,-49.5312
23630.0,-51.2437
23694.0,-51.152
23753.0,-52.5177
23814.0,-52.3242
23874.0,-52.9257
23934.0,-52.8541
23986.0,-53.0887
24038.0,-53.3945
24098.0,-53.415
24153.0,-53.1499
24208.0,-52.4872
24267.0,-51.2639
24337.0,-50.5199
24401.0,-49.6125
24463.0,-48.5015
24531.0,-48.9603
24591.0,-49.3171
24653.0,-51.2538
24714.0,-50.581
24780.0,-51.5697
24841.0,-50.7239
24910.0,-51.0193
24976.0,-48.3997
25037.0,-47.4312
25099.0,-47.4211
25164.0,-48.9603
25229.0,-49.6942
25294.0,-50.0407
25361.0,-49.5413
25426.0,-49.6431
25495.0,-50.418
25563.0,-52.0896
25630.0,-53.5474
25700.0,-52.8135
25766.0,-51.3966
25831.0,-49.6431
25901.0,-49.7758
25973.0,-49.8572
26043.0,-50.2957
26110.0,-48.522
26175.0,-48.3385
26242.0,-47.3905
26309.0,-48.7361
26374.0,-49.0725
26445.0,-49.8471
26513.0,-49.4902
26583.0,-48.7156
26647.0,-49.215
26710.0,-49.3783
26768.0,-49.9899
26831.0,-48.7972
26892.0,-48.1245
26956.0,-48.6443
27018.0,-48.7055
27085.0,-48.7563
27145.0,-48.1141
27207.0,-48.5832
27277.0,-49.419
27346.0,-49.6025
27419.0,-48.6951
27489.0,-45.7187
27559.0,-43.1599
27614.0,-40.9786
27671.0,-40.8156
27720.0,-39.5924
27774.0,-38.7156
27828.0,-38.267
27882.0,-41.3557
27944.0,-45.2294
28025.0,-48.318
28104.0,-50.367
28181.0,-50.6728
28255.0,-51.3661
28325.0,-50.6422
28392.0,-49.5514
28455.0,-49.1336
28517.0,-49.8572
28578.0,-50.9275
28628.0,-50.5606
28687.0,-47.37
28742.0,-44.6278
28789.0,-41.845
28836.0,-41.7226
28881.0,-40.3771
28929.0,-40.163
28979.0,-39.0725
29028.0,-41.7125
29071.0,-44.6584
29125.0,-48.7361
29187.0,-50.5404
29253.0,-50.948
29315.0,-50.0511
29375.0,-50.53
29437.0,-50.8462
29506.0,-51.478
29586.0,-51.7226
29662.0,-52.5994
29744.0,-53.5933
29817.0,-53.048
29878.0,-53.2621
29938.0,-53.3028
30005.0,-53.1905
30070.0,-52.3954
30140.0,-53.0786
30206.0,-52.8746
30271.0,-52.3648
30336.0,-51.0092
30401.0,-50.8969
30468.0,-50.1734
30536.0,-49.2049
30596.0,-49.3884
30657.0,-49.6535
30721.0,-51.5596
30783.0,-51.7532
30852.0,-52.5587
30914.0,-52.1814
30980.0,-51.2743
31046.0,-51.4884
31113.0,-51.4985
31178.0,-52.3343
31241.0,-52.5177
31305.0,-52.0489
31369.0,-52.2324
31433.0,-51.4985
31497.0,-51.6921
31559.0,-51.0193
31619.0,-50.1018
31681.0,-48.6544
31746.0,-47.3599
31806.0,-46.3609
31866.0,-44.9236
31926.0,-43.9655
31981.0,-42.8034
32040.999999999996,-42.3752
32098.999999999996,-41.3661
32161.0,-40.9581
32220.999999999996,-40.6933
32283.0,-41.6309
32345.999999999996,-45.0459
32409.999999999996,-48.0327
32476.0,-50.8868
32543.999999999996,-51.3661
32609.0,-52.1612
32676.000000000004,-52.2936
32744.999999999996,-53.048
32815.0,-53.2416
32883.0,-53.048
32951.0,-52.844
33019.0,-51.2844
33082.0,-48.9196
33151.0,-45.6269
33220.0,-43.945
33289.0,-43.1092
33357.0,-42.9664
33425.0,-42.8034
33493.0,-41.6309
33558.0,-40.8868
33625.0,-43.1398
33691.0,-46.952
33759.0,-49.6229
33829.0,-49.3373
33894.0,-49.1844
33960.0,-49.3272
34026.0,-49.6229
34092.0,-49.4801
34158.0,-50.163
34224.0,-50.4893
34284.0,-50.948
34348.0,-50.3875
34415.0,-50.6422
34474.0,-49.1642
34534.0,-47.8798
34584.0,-45.7798
34629.0,-45.3416
34685.0,-45.2599
34733.0,-45.4434
34782.0,-45.5658
34830.0,-44.3119
34879.0,-43.3333
34922.0,-41.9572
34965.0,-41.3661
35010.0,-40.8156
35058.0,-41.2639
35100.0,-41.2743
35141.0,-40.9991
35185.0,-40.1122
35223.0,-40.2853
35270.0,-41.4168
35308.0,-45.0153
35362.0,-48.5728
35423.0,-50.5098
35485.0,-50.8563
35547.0,-50.9379
35609.0,-51.2232
35671.0,-52.5587
35744.0,-52.8339
35808.0,-52.9969
35865.0,-51.5086
35923.0,-51.2232
35981.0,-51.6208
36044.0,-51.3661
36099.0,-50.7645
36154.0,-50.3159
36209.0,-49.1336
36264.0,-47.1765
36312.0,-45.2089
36366.0,-44.4648
36414.0,-43.8125
36464.0,-44.6994
36519.0,-45.4229
36574.0,-46.6361
36629.0,-46.4119
36690.0,-45.5758
36747.0,-44.9746
36807.0,-43.1498
36860.0,-42.1612
36912.0,-41.5902
36965.0,-41.2844
37019.0,-41.5086
37073.0,-41.6208
37127.0,-41.5697
37181.0,-41.1009
37230.0,-40.3771
37285.0,-40.3058
37342.0,-40.581
37397.0,-40.6217
37452.0,-40.6829
37507.0,-40.53
37557.0,-40.4382
37612.0,-39.9694
37668.0,-39.0009
37722.0,-38.8685
37779.0,-38.8991
37842.0,-39.215
37905.0,-39.1132
37968.0,-39.3578
38031.0,-39.3578
38100.0,-38.6443
38170.0,-37.9817
38239.0,-37.4924
38307.0,-37.319
38358.0,-37.7982
38413.0,-41.0908
38470.0,-44.5667
38537.0,-48.2263
38603.0,-48.9092
38677.0,-49.7758
38749.0,-49.9899
38831.0,-50.2599
38909.0,-51.0602
38990.0,-51.3303
39064.0,-51.0297
39142.0,-50.7239
39221.0,-50.8052
39302.0,-50.4587
39385.0,-50.4434
39469.0,-49.9083
39551.0,-50.6575
39630.0,-51.9367
39716.0,-51.9878
39809.0,-51.0703
39890.0,-50.9633
39971.0,-50.3976
40044.0,-48.1346
40106.0,-46.0651
40172.0,-44.1284
40232.0,-45.311
40288.0,-46.6361
40357.0,-48.1346
40409.0,-48.1856
40460.0,-48.5832
40506.0,-49.3783
40558.0,-49.2761
40600.0,-50.7239
40644.0,-49.8777
40687.0,-49.4902
40726.0,-47.4924
40775.0,-45.9428
40819.0,-44.0673
40861.0,-42.793
40903.0,-43.007
40954.0,-43.415
41002.0,-43.0887
41047.0,-42.1508
41084.0,-40.9174
41129.0,-40.2957
41170.0,-42.0284
41210.0,-44.944
41261.0,-48.2263
41312.0,-49.2661
41363.0,-49.9694
41419.0,-50.4281
41471.0,-50.9275
41535.0,-51.1927
41582.0,-51.2437
41634.0,-49.8165
41683.0,-47.4413
41733.0,-45.5453
41783.0,-45.1275
41840.0,-45.678
41895.0,-45.4434
41946.0,-45.0153
42002.0,-43.782
42052.0,-42.5688
42100.0,-41.4578
42153.0,-41.3456
42196.0,-41.6208
42246.0,-41.478
42296.0,-40.8462
42347.0,-40.4486
42390.0,-40.1223
42431.0,-40.8052
42479.0,-40.581
42524.0,-41.5291
42572.0,-44.2303
42619.0,-48.0529
42686.0,-51.2437
42751.0,-52.0284
42814.0,-51.8349
42877.0,-51.3761
42943.0,-50.8257
43005.0,-50.6321
43069.0,-50.6829
43123.0,-50.3465
43180.0,-49.582
43241.0,-47.2988
43295.0,-44.8725
43343.0,-43.2621
43394.0,-44.3731
43451.0,-45.3517
43515.0,-46.0346
43570.0,-45.4841
43631.0,-45.4333
43687.0,-45.1376
43748.0,-45.3823
43808.0,-44.9236
43863.0,-44.3731
43925.0,-43.5679
43982.0,-43.5985
44041.0,-44.1489
44093.0,-44.0774
44149.0,-43.3128
44202.0,-42.263
44248.0,-41.5596
44294.0,-41.0398
44337.0,-40.5505
44382.0,-40.367
44431.0,-40.367
44477.0,-40.7239
44530.0,-40.3058
44580.0,-40.2346
44621.0,-39.8471
44667.0,-39.837
44714.0,-39.8266
44755.0,-39.2866
44799.0,-39.0214
44843.0,-38.6034
44888.0,-38.522
44933.0,-37.9511
44979.0,-37.8593
45025.0,-38.0939
45066.0,-37.8187
45145.0,-37.5382
45189.0,-37.1177
45189.0,-37.4517
45235.0,-36.9419
45277.0,-36.3914
45321.0,-35.8003
45398.0,-39.2049
45440.0,-42.5306
45440.0,-44.8523
45500.0,-49.0927
45558.0,-49.3578
45623.0,-48.9703
45693.0,-48.2364
45759.0,-47.941
45825.0,-47.9205
45897.0,-48.889
45977.0,-49.1232
46062.0,-49.5872
46153.0,-49.1896
46232.0,-49.5312
46312.0,-49.6535
46401.0,-49.2966
46482.0,-47.4924
46569.0,-44.7554
46638.0,-45.1376
46702.0,-45.311
46759.0,-44.2508
46826.0,-43.1905
46892.0,-42.1713
46949.0,-41.7942
47004.0,-42.7728
47064.0,-42.8645
47124.0,-42.5483
47184.0,-42.2936
47230.0,-44.7196
47283.0,-46.7789
47345.0,-47.4618
47429.0,-46.6667
47504.0,-44.4037
47567.0,-43.9245
47626.0,-44.4037
47687.0,-45.2294
47742.0,-45.1376
47805.0,-44.7502
47868.0,-44.9642
47930.0,-44.9031
47992.0,-44.8012
48059.0,-44.2713
48121.0,-44.1489
48189.0,-44.0266
48251.0,-43.6391
48317.0,-43.6798
48377.0,-43.996
48438.0,-44.2609
48499.0,-44.3731
48570.0,-44.2713
48638.0,-44.1896
48709.0,-44.0266
48769.0,-43.792
48833.0,-43.1905
48901.0,-42.8135
48964.0,-42.8847
49026.0,-43.5881
49095.0,-43.7514
49167.0,-43.1498
49228.0,-41.6921
49293.0,-41.4373
49358.0,-41.3661
49418.0,-41.5596
49470.0,-41.4679
49521.0,-41.152
49579.0,-41.0297
49635.0,-40.6523
49690.0,-40.4792
49746.0,-40.5505
49806.0,-40.2651
49868.0,-40.1018
49922.0,-39.8165
49981.0,-39.9694
