CalBP,Z_GISP2_Temp_C,Z_PANGAEA_pollen_AP [%],Z_PANGAEA_pollen_AP-Pinus [%],Z_PANGAEA_pollen_Algae [%],Z_PANGAEA_pollen_Helophyte [%],Z_PANGAEA_pollen_Herbs [%],Z_PANGAEA_pollen_NAP [%],Z_PANGAEA_pollen_Poaceae+Cyperaceae [,Z_PANGAEA_pollen_Pollen aquat [%],Z_PANGAEA_pollen_Pollen mediterr [%],Z_PANGAEA_pollen_Pollen montane [%],Z_PANGAEA_pollen_Pollen pioneer [%],Z_PANGAEA_pollen_Pollen steppic [%],Z_PANGAEA_pollen_Pollen te [%],Z_PANGAEA_pollen_Shrubs [%],Z_PANGAEA_pollen_Spores [%],CCSI
7700,1.235732163112318,0.8724022146598539,0.8886858815184002,1.3670461598789119,-0.5957855351457553,-1.1613159789401324,-0.8724022146598582,-1.0694586444590206,1.709504764034075,0.4987463697019249,-1.0074473781426847,-1.638166791505037,-0.3598869472503261,0.8951749613964565,-0.5897414759422496,-0.5665726180436695,1.0380184361214821
7710,1.2587212465675894,0.8580102802957004,0.8610688071059533,1.5322069370465268,-0.5831416290640833,-1.172609444706633,-0.8580102802957015,-1.0944110540098504,1.9322025559859743,0.30446862285532256,-0.9968850722298593,-1.6539368118068376,-0.32109529057457725,0.997683164579077,-0.5897347540280287,-0.5652618296901151,1.029394933126782
7720,1.2841190314080908,0.8462304833050319,0.8374703322610997,1.7187428435444285,-0.5769624515117605,-1.1858781712925703,-0.8462304833050341,-1.1225923362574879,2.1561225761093623,0.10756406347073905,-0.9878504704789154,-1.6645526815483782,-0.27847813533246624,1.1059823011105943,-0.5897189100889544,-0.5648427675754905,1.0256919784902854
7730,1.311803225244469,0.8385477933611033,0.8198523706670937,1.925750285407923,-0.5784872684083744,-1.2010084092078626,-0.8385477933611061,-1.1536735908151101,2.3712223782523143,-0.08629620920425536,-0.9804601106767256,-1.6680151296178067,-0.23448015587889212,1.218147345412946,-0.5896824267854187,-0.5655186847969628,1.0269095722119923
7740,1.3414565368363858,0.8364991060583978,0.8100477095995113,2.1505747583495634,-0.5884172067993967,-1.217636007295558,-0.8364991060583988,-1.1868371805349962,2.5651079081514143,-0.2705122550852475,-0.9744830267073464,-1.6622789439904795,-0.1926658807981757,1.3314364059486439,-0.5896005906026236,-0.5674371622462725,1.033047714291903
7750,1.3725138604431921,0.8414446343701742,0.8094145959170608,2.388441212807985,-0.6066525103249943,-1.2350960100373745,-0.8414446343701735,-1.2206033199058381,2.723776476254389,-0.4379741579020645,-0.969242672711801,-1.6453988842312193,-0.15752869863417449,1.442207036689714,-0.5894222794881954,-0.5706511885687331,1.0441064047300213
7760,1.4041226146692716,0.8542872735740389,0.8184660457113736,2.6322209781833332,-0.6321185802894668,-1.2524142239538432,-0.854287273574039,-1.2526737702217248,2.832869669989948,-0.5816212810691949,-0.9635957930899806,-1.6156264379491252,-0.13400211857360123,1.5459058231947433,-0.5890459356315537,-0.57508576774288,1.0621405053079285
7770,1.435132018793097,0.8751965772172968,0.8365687578450085,2.8723850453541435,-0.6627584644379373,-1.2683584781200272,-0.8751965772172982,-1.2798373323025583,2.8793082851069327,-0.6950515526403672,-0.9560324434627362,-1.5713986964917377,-0.12669535847804136,1.6371712937960285,-0.5882785749063144,-0.580519668036465,1.0855893685551934
7780,1.4641272001469305,0.9034108978425861,0.8618162636770873,3.0971741151855166,-0.6957384615581667,-1.2815526994235404,-0.903410897842591,-1.297995412774165,2.8530628318316933,-0.7730809361336125,-0.9449165087941436,-1.5111984687168205,-0.1389770726089234,1.7100945858299637,-0.5867709341716709,-0.5865898144120125,1.1127749401189515
7790,1.489518211171303,0.9371849726236188,0.8911534977320344,3.2930281275736895,-0.7278578037093296,-1.2906363813405073,-0.9371849726236195,-1.3023757695984546,2.7487693917376745,-0.8121913629819495,-0.9288428932888944,-1.4333420975770381,-0.17211553110500843,1.7586806711163907,-0.5839239667462351,-0.5928211530493658,1.1411629252542943
7800,1.5096818761463249,0.9739203366805057,0.9207697017051534,3.445370029425474,-0.7560920673668,-1.2944331147856893,-0.9739203366805085,-1.2879993095072693,2.5669318877127956,-0.8108653400275301,-0.9070376517760143,-1.3358409476145634,-0.22471515302083345,1.7775314240962812,-0.5787695575977605,-0.5986796731689391,1.1675973941434947
7810,1.523138737635173,1.0104717681368585,0.9467005760056304,3.53987933128994,-0.7781524137890882,-1.2920823506802463,-1.0104717681368591,-1.250428197518123,2.3145007697240314,-0.7698325302517648,-0.879687167347114,-1.21653130235847,-0.2926532375942581,1.7627086984714095,-0.5698434867024713,-0.6036423218250218,1.1887007787536277
7820,1.5287338266288046,1.0435758740515886,0.9655086270010983,3.5643170121282215,-0.7929197082131256,-1.2830937647416567,-1.043575874051589,-1.186731163853646,2.0046358338266503,-0.692207635181099,-0.8480706289032464,-1.0736177590645466,-0.36961913548314446,1.7126215768848787,-0.5550891728799481,-0.6072744023856375,1.201368503630262
7830,1.5257841130164023,1.0703073164475565,0.9748630287159693,3.5107014595209454,-0.8006214494286681,-1.2673057081831958,-1.0703073164475592,-1.096460428578215,1.6554885469153005,-0.5834038302448841,-0.8144055284011988,-0.9066033860426894,-0.44819845878424375,1.6286550565849496,-0.531846908724139,-0.609301205478636,1.2032486891504295
7840,1.5141596411708698,1.0884469851037912,0.9738436471835779,3.3772669219518447,-0.8026723908348953,-1.2447654096743277,-1.088446985103791,-0.9823133653309253,1.2879963211565315,-0.4506559699902651,-0.781407059819876,-0.7173410923200467,-0.5212533675841714,1.5152160324419364,-0.4969798310869764,-0.6096566780085269,1.19309319383255
7850,1.4942775913202182,1.0966637441876386,0.9628721736704987,3.169430410895518,-0.8012012782442032,-1.215586211580194,-1.0966637441876408,-0.850164691148089,0.9230202535342259,-0.30207757121924195,-0.7516837039358496,-0.510776757865773,-0.5832017205080169,1.3790165508898844,-0.4471555685834952,-0.6084921138419127,1.170900190675441
7860,1.4670045927218904,1.0944762106215826,0.9433140007109602,2.8992200515861004,-0.798405171209247,-1.179854460886147,-1.094476210621584,-0.7083611555478523,0.5785209516536436,-0.14539448328016602,-0.7271761470328985,-0.29501042987453835,-0.6308002896641524,1.2277285634222652,-0.37925290171767706,-0.6061361979774725,1.1378264063976724
7870,1.4334789272120392,1.0820490232875235,0.916928163395134,2.5832464414272684,-0.7959427596534584,-1.13763944678251,-1.0820490232875233,-0.566477219013559,0.2675607374523195,0.013297915793736636,-0.708829041118185,-0.08058235168804781,-0.6632340145532636,1.0684493986773373,-0.2908259918622669,-0.6030118379818371,1.0959073341008225
7880,1.3948790372601247,1.059937627157265,0.885385019386178,2.2399322332316802,-0.7945490286014825,-1.0891107543730922,-1.0599376271572665,-0.43393419757931967,-0.0023956103393032733,0.17037664475454534,-0.6965660425460238,0.1207837018101568,-0.6816056706112685,0.9064987672684445,-0.18055733250323594,-0.5995257849828344,1.047666817613278
7890,1.352177012652619,1.0288898459476594,0.8499985241027095,1.8869279900035576,-0.7939446923009964,-1.0347160577333054,-1.0288898459476603,-0.31885428005094485,-0.22894625670477367,0.3249157220056401,-0.689496699414452,0.2975929331313023,-0.6881288627767617,0.7448780521503162,-0.0486552519291055,-0.5959460682982661,0.995710740511228
7900,1.3059235510188754,0.9897515046710869,0.8116893884517957,1.5393616887375876,-0.7929975247627032,-0.9753434034968584,-0.989751504671087,-0.22731074113524513,-0.41345960003773136,0.47829845473905236,-0.6862062297306939,0.4398384697297403,-0.6853465801273498,0.5844159968771593,0.10283000224310257,-0.5922707742903629,0.9423793045851905
7910,1.2561110411599696,0.9434498463855082,0.7710882007561797,1.2090758515756017,-0.7900286517951298,-0.9123899262693395,-0.9434498463855078,-0.16291686735046335,-0.5595922700905394,0.6333644657277903,-0.6849913663500516,0.5399869835503011,-0.6755685336965214,0.4243975106450299,0.2698087715616447,-0.5880784263238402,0.8894873336322453
7920,1.2021509614439263,0.8909802677906777,0.7286455104777436,0.9046242198317126,-0.783152186080995,-0.8476742132449164,-0.8909802677906775,-0.12659666244887213,-0.6720251746649586,0.7932676352846014,-0.6839710147280221,0.593712892135613,-0.660559319518504,0.2634021040649257,0.44614283699447677,-0.5823443621502878,0.8381343907154292
7930,1.1429804462122657,0.8333132803802635,0.6846333695663558,0.6316624040735854,-0.7705631200626549,-0.7831557443552715,-0.8333132803802649,-0.11641626907362007,-0.755587701741593,0.9601985044785092,-0.6810702540585404,0.6004227873360943,-0.6414030828539746,0.10011915194071491,0.6239153938561125,-0.5732141140180097,0.7885423621129172
7940,1.077284410805075,0.7711675377208757,0.6389770908462808,0.3934243213751041,-0.7507196087208353,-0.7204653885603893,-0.7711675377208782,-0.12746651081197014,-0.8147580942358015,1.1341237390245438,-0.6739234211717408,0.5635388644436111,-0.618440176019379,-0.06602119629692899,0.7940443532488537,-0.5577449593317086,0.7398909694496343
7950,1.0037911240856896,0.7046535644216375,0.590929347282436,0.19111747898425024,-0.7223945198082621,-0.6603106684152009,-0.70465356442164,-0.15189876376693254,-0.8534361177507486,1.3117397997768578,-0.6597634188383128,0.49042661136502863,-0.5911976520634068,-0.2345030210807962,0.9472133966764068,-0.5316585649614893,0.6901627275240918
7960,0.921578636792689,0.6328677167162581,0.5386772300433572,0.02420790519634832,-0.6846031778314833,-0.601890221585807,-0.6328677167162573,-0.1792702116794304,-0.8748597816073559,1.485891105864643,-0.6353657422032336,0.39183769847971917,-0.5582895730139891,-0.4037163944799159,1.074966021918775,-0.4891848964581604,0.6360537773875596
7970,0.8303233880144081,0.5535810794086877,0.4790351788931451,-0.1093460911890356,-0.6364523380744944,-0.5425053203351844,-0.5535810794086917,-0.1973211392484008,-0.8815493368304363,1.6456955861637048,-0.5971016618587317,0.2808313199872196,-0.5173199648874167,-0.5712744119757495,1.1707047059461095,-0.4231085064867064,0.5730311128339073
7980,0.7304333423417322,0.4631886325835382,0.4073934050433905,-0.2128277719529957,-0.5769888880423458,-0.4775543411527317,-0.46318863258354004,-0.19319466019681,-0.8751916186152825,1.7775014600534715,-0.5411282963001336,0.17130672121499466,-0.4648597886584157,-0.7345644938587192,1.2303375038967164,-0.32513689431617554,0.4956067456514647
7990,0.623034186158861,0.3570347192311146,0.3180413223111472,-0.2904109177329481,-0.5051350040875418,-0.40101633802851233,-0.35703471923111374,-0.15496482411421883,-0.8564226328142006,1.8665814579920317,-0.46370825195271914,0.07643674776415281,-0.3965743192738208,-0.8913692444378161,1.252449358506422,-0.18668219646070025,0.3978564071851132
8000,0.5098117251547212,0.23011787917641774,0.20487612495375296,-0.3467304962181653,-0.4197651545711439,-0.30638856286663885,-0.23011787917642165,-0.07322626017072846,-0.8245261693572686,1.899238918621081,-0.36161558994425697,0.007338031466646993,-0.3075459315012998,-1.0403627002795344,1.2380879006951604,-7.583147187873758e-05,0.2741468559417991
8010,0.3927467203570683,0.07804400147689447,0.062378214574047096,-0.38643374489161747,-0.3199170597192097,-0.18789277296712342,-0.07804400147689389,0.0575383153684144,-0.7771347993381686,1.864862780792234,-0.2325568726945694,-0.027791027326412535,-0.192782516611228,-1.1813271989927154,1.1904188952668622,0.23987286741861893,0.11997071014679071
8020,0.27380015674642655,-0.10200126514515123,-0.11335977372417315,-0.41378992243549073,-0.20506330015516358,-0.04166720706394565,0.10200126514514707,0.23805606142501243,-0.7100806161151401,1.7574884966348574,-0.07552316333893043,-0.02403426033341491,-0.04784659351065202,-1.3150339954322068,1.1145158958619257,0.534189938344624,-0.06725858260926433
8030,0.1546118447418514,-0.31051149443299597,-0.3237891100898239,-0.43242029069124305,-0.07533723246429963,0.13334890134822389,0.3105114944329978,0.4639844491876485,-0.6175735276586383,1.576581427146567,0.10900435493942814,0.02022088015847785,0.1304948023606625,-1.4428463495456183,1.0173888831021909,0.8782538210513609,-0.28761015081600394
8040,0.03626453437981651,-0.5453399492324527,-0.5674367427080959,-0.44517209918295486,0.0683760766169924,0.33505459903003765,0.5453399492324497,0.7263107934319938,-0.49286223378450256,1.3269814490287968,0.3190441436210681,0.10337601607536485,0.3437050547090465,-1.5661901255877437,0.9081198176731372,1.2609148130776908,-0.5383653103546064
8050,-0.0808539037539144,-0.8018734946441688,-0.8399029379503667,-0.45412212553917647,0.22451490199974355,0.5584311905938587,0.8018734946441635,1.0123855762123624,-0.3294439799211923,1.0181475431835014,0.5513009375814316,0.2206681037520776,0.5910823088687249,-1.6860642572165319,0.7977946292242495,1.664593296447841,-0.8141349705821994
8060,-0.19707818535138363,-1.0736356168984924,-1.134296376249564,-0.4606707309696872,0.3910422194763347,0.7963171803531389,1.0736356168984909,1.3074409111625922,-0.12273905696128057,0.6629643465947664,0.8014936172403632,0.3641719970210902,0.8695791679466464,-1.8027284004394204,0.6989002386348507,2.0665942639331902,-1.1073422286368417
8070,-0.3133874048613664,-1.3531400196892935,-1.441974701078673,-0.46568003434720545,0.5656832719272028,1.0405069865376655,1.353140019689289,1.596348864508319,0.1280348374567337,0.27640322075315876,1.06471996898977,0.5229309310038562,1.173838543822684,-1.9156267302884455,0.6240091780734714,2.4416254193403324,-1.4089685335512825
8080,-0.4312362154536931,-1.6327562962281246,-1.7533968540720983,-0.46961587519434517,0.7460997235982741,1.282889604025484,1.6327562962281224,1.865310689595618,0.4182108810617606,-0.12571786845200109,1.3357352497920671,0.6834701826089713,1.4964064378604593,-2.0235167002136305,0.5838424984704981,2.7651939817262856,-1.7094093352129962
8090,-0.5523183196438961,-1.9053605964494014,-2.058889376516311,-0.4726663248142061,0.9299324666488301,1.516346670126779,1.905360596449403,2.1031708645670344,0.7367367928355749,-0.5277278678898576,1.609048241185459,0.830892886196757,1.8280590764713107,-2.1247027391733213,0.5850806791821586,3.01727078401216,-1.9992729127544993
8100,-0.6782906610064388,-2.164624286723131,-2.3491822952738373,-0.47482400915317013,1.1147001886485262,1.7352138603697556,2.1646242867231282,2.302136803014379,1.0663787396177749,-0.914810310103518,1.8788100054115835,0.9505661286437462,2.158184150005628,-2.217251252623454,0.6284794118592665,3.1854477383259843,-2.269986787999504
8110,-0.810489597722999,-2.4049189702365346,-2.6156643367257906,-0.4759319274334217,1.297594179991512,1.9352503664636749,2.4049189702365337,2.457840272620164,1.3852719522244903,-1.2734744124267685,2.1385657114394183,1.0301482557348833,2.475185517755916,-2.2990916699183184,0.7078727884094741,3.266848446474277,-2.514140558368577
8120,-0.94966947089665,-2.6209485157346943,-2.8504117787697245,-0.4757013266804823,1.4752426602650863,2.113213496585683,2.620948515734695,2.568850973853604,1.6696958800790571,-1.5918868341303223,2.3810223364346763,1.0614931322050145,2.766927198742273,-2.3679756905461464,0.8104899718373555,3.2682968634492764,-2.7255728297095043
8130,-1.0957895160055997,-2.807315349807426,-3.046125183041292,-0.4737153794547343,1.6435251984888206,2.2662496596152266,2.8073153498074244,2.6358842490181815,1.897600764688216,-1.8601628041745635,2.5980165752376414,1.0418985591812178,3.021272822567673,-2.4213452937643734,0.9187033424516395,3.204652569313057,-2.8992788704131374
8140,-1.2478693933331229,-2.9582552414423877,-3.1961346373015407,-0.4694342093403714,1.7975065347456483,2.391352922825339,2.958255241442387,2.6609863875595083,2.052150268856272,-2.0706773472663436,2.7808245714190294,0.9742969003316322,3.226782836852018,-2.456216723887257,1.0129420920421544,3.0956749983603764,-3.0312531391013247
8150,-1.4039298460146163,-3.0677184464185765,-3.2945948214142526,-0.4622153610238961,1.9315386942579051,2.4850978020495478,3.0677184464185756,2.6469222637327725,2.12446866358675,-2.2183961896386237,2.920843125428891,0.866286557427073,3.373585196271467,-2.4691975286609695,1.0751541013111108,2.9621503071578386,-3.118376360570044
8160,-1.5610341065977746,-3.129849710255351,-3.3368979653298156,-0.4513591291644563,2.03955408482849,2.5437430179053964,3.12984971025535,2.596862421645031,2.1149376370050956,-2.3011639203408536,3.0105279204335678,0.7282655107877251,3.4543432723720198,-2.4567100691072823,1.0919992591156087,2.822186990575789,-3.1584151656229085
8170,-1.7154445786575823,-3.139767839605551,-3.320221237173948,-0.436180760941907,2.1155375740324036,2.5636691449275397,3.1397678396055477,2.514328287564279,2.032747218097114,-2.319848602948588,3.0443565215923383,0.5712088239952257,3.465146141352437,-2.4154139653345075,1.0569980097366227,2.6884996131700674,-3.150141909662411
8180,-1.8629017487387456,-3.094426425203055,-3.244043643102125,-0.4161031782410401,2.154122210947795,2.5420047087203748,3.0944264252030544,2.403262547108309,1.8938597284510386,-2.2782467373553863,3.019547776451569,0.4047157453754132,3.4060972817288526,-2.342736376393482,0.971151674938504,2.5671786684429674,-3.0935274948455493
8190,-1.9990127474170176,-2.9933021247394818,-3.110455635222051,-0.3907574243043465,2.151212303530904,2.477250703706252,2.993302124739481,2.2680774385065914,1.7179414731433158,-2.1827044602670584,2.9363379395521783,0.2358100984157377,3.2814192681795076,-2.2373713435430362,0.842003859757707,2.4579999111953006,-2.9899311404438027
8200,-2.1197061627530083,-2.838721985532248,-2.924150590629736,-0.36007624993911663,2.1045192166335918,2.369743765160135,2.8387219855322456,2.1135880281593535,1.5250173523216284,-2.041492461206139,2.7977621388785563,0.06868375594805981,3.099020024832795,-2.099620373342266,0.6815543197767717,2.355918943019732,-2.842216538893421
8210,-2.2216777443538005,-2.635775624801465,-2.692100485718113,-0.3243697660534034,2.013915130610663,2.221881771395266,2.635775624801463,1.9448212460686651,1.3325542190477124,-1.8640488780358735,2.609054598080225,-0.09473715102210063,2.8696263648418827,-1.9315095726953078,0.5036984556907507,2.2531662702754693,-2.654757473664981
8220,-2.302735299819245,-2.3918981321647372,-2.4230241869879134,-0.2843784892269296,1.881564410940741,2.0381288583380393,2.3918981321647372,1.7667591501948872,1.1534339052231537,-1.6602423755961715,2.376895022261676,-0.2537274514794509,2.6057081549946335,-1.7367013391148192,0.3218672059396235,2.141358411081552,-2.4333393576218096
8230,-2.3619642688363305,-2.1162932239800845,-2.1268074216008452,-0.24130385489342804,1.7118561709827416,1.8248754209761586,2.1162932239800836,1.5840986494399745,0.9949655480977727,-1.439790953263656,2.1087544645562852,-0.4075726675883608,2.3204396152121403,-1.5202802666993027,0.1473285323836334,2.0132209862333648,-2.1849928718760214
8240,-2.3996784837674134,-1.8193631083782003,-1.814009487815968,-0.19681517239468024,1.5112019730616946,1.5902273112789311,1.8193631083781976,1.4010882909149038,0.8588403116411759,-1.2119093397497,1.8125358693296296,-0.5545543215773268,2.026869751937651,-1.2885060004865363,-0.011688456571480587,1.8637634872871327,-1.917794268601603
8250,-2.4171774258198986,-1.5122318465389177,-1.4955072219882222,-0.15302391448005287,1.2877569908840618,1.3437391956230924,1.5122318465389148,1.2214533855085907,0.7418190051471412,-0.9851739293972163,1.4965926873610755,-0.6912941045622274,1.7373414965693688,-1.0485866811018782,-0.15014116900268665,1.6909367689134984,-1.6406334455714058
8260,-2.416378353972321,-1.2063329620591778,-1.18221859270752,-0.11240503517081256,1.0510727332823069,1.0960182616823795,1.206332962059177,1.0483673713437447,0.6369507243451845,-0.7675176292498168,1.1700770514074805,-0.8125382301534426,1.4630675565496822,-0.8084546771101727,-0.26582554884870346,1.495879315318381,-1.3629075530075747
8270,-2.3994122521450807,-0.9129352259343695,-0.8847646456298333,-0.07763990784978603,0.8116235711652221,0.8580565929471443,0.912935225934366,0.8843917662523874,0.535173868287069,-0.5662231929512974,0.843444314167571,-0.9113927776660321,1.213696992534128,-0.5764575524740722,-0.35878331663198565,1.2828215847730562,-1.094079498162964
8280,-2.368264811830445,-0.6424610132917442,-0.6129194167061207,-0.05136794966450813,0.5801180986984006,0.6401665780338996,0.6424610132917407,0.7313085658918155,0.42716170046894086,-0.3877932707027248,0.5288529267037936,-0.979957848168489,0.9967318857066064,-0.3608565473990829,-0.4306555914454487,1.0586325888567558,-0.8430709921453099
8290,-2.32451804682436,-0.4035482312343268,-0.3747958773763148,-0.035868881326255195,0.3665588405689916,0.45053991928686243,0.4035482312343239,0.5898217185550625,0.3051994467598989,-0.23764655427161693,0.24018623407993736,-1.0102298766001987,0.8167878123638831,-0.16908842194985815,-0.4840892619647177,0.8319536669584159,-0.6175307059188582
8300,-2.269218160627879,-0.20200022066404127,-0.17590126069137854,-0.032741004853711286,0.179155238008584,0.2937036954096517,0.2020002206640401,0.45920569038676684,0.1647660356855362,-0.11969827529775405,-0.007491012405513778,-0.9950749228537288,0.674886802486528,-0.006888197539342373,-0.5222339512527427,0.6119451992562849,-0.4230942080399096
8310,-2.202870289008631,-0.03995448687661081,-0.018367929129951863,-0.04265909466673036,0.023350626651168823,0.1693806184088696,0.03995448687661022,0.3370950934455062,0.005466083871788596,-0.035964061450540055,-0.1990862863792837,-0.9291066259624419,0.5681171150845163,0.12248472348046105,-0.5483342564752196,0.40685916242381476,-0.26279723186277365
8320,-2.1255440278115127,0.08436078115973479,0.09930597135877332,-0.06526013528438901,-0.09873129813778278,0.07230543102360741,-0.0843607811597342,0.2196776503957698,-0.16888843977579512,0.013693035604276876,-0.3212003118585055,-0.8094902177589713,0.48998011333310987,0.21863818983393055,-0.5654188780891686,0.2228178420943012,-0.1368001453314139
8330,-2.0370644600903587,0.17608318536380893,0.18183731982762974,-0.09913353765318707,-0.1882475327346048,-0.0066727538115185425,-0.17608318536381165,0.10250804316767376,-0.3509764447121462,0.03166918941301218,-0.3643929692972639,-0.6369324840205618,0.4315543179825384,0.28390026160030335,-0.5760940098506662,0.06317142028253682,-0.04252727467875951
8340,-1.9372591794904825,0.24247240049101826,0.23614884983629642,-0.14185452876165994,-0.24906026943787274,-0.07828886647251687,-0.2424724004910216,-0.018044812305582948,-0.5311884034366626,0.022673563212584593,-0.3259207236413367,-0.4171007517436376,0.3833292515699534,0.3226782934233039,-0.5824438478139651,-0.07141437522074533,0.024774935330415134
8350,-1.826229462634378,0.2913007623497276,0.2700474100674594,-0.19005508394140927,-0.28684070682717333,-0.15193513183865412,-0.2913007623497292,-0.14307516148238653,-0.6991264056030996,-0.006242031882361445,-0.21241716427442034,-0.16217722740800725,0.3372872982232624,0.3405072620076455,-0.586024322188002,-0.18229645959135027,0.0711790590763874
8360,-1.7046104843246024,0.32934142070253797,0.2909253773737244,-0.23963385794045847,-0.3080794393622904,-0.2331222826424552,-0.3293414207025374,-0.2699022874878922,-0.8452121746857169,-0.045851193504465065,-0.04117535274777275,0.10855721093343809,0.28858834022894386,0.34299246222354446,-0.587919661630389,-0.2719786879773976,0.10312980112945433
8370,-1.5737804106506972,0.36140908064793553,0.30479526048373473,-0.28621486456057904,-0.31917231213337127,-0.3224608033067504,-0.3614090806479371,-0.39213357188897424,-0.9621236525310075,-0.08537059015073285,0.16156443690416525,0.37036961681157676,0.2361763368621186,0.3348311182532862,-0.5888262988436611,-0.3433778405624019,0.12663839370438051
8380,-1.4359741235127481,0.3902149998148755,0.3158768269496424,-0.32578327775575333,-0.3257272233078912,-0.41670586211996213,-0.39021499981487856,-0.5012105145870136,-1.0455696190914847,-0.1135003374385367,0.3655635049993547,0.5969517537113187,0.1820130777305824,0.3190983708273362,-0.589133991241804,-0.3994041142259552,0.14677660428382128
8390,-1.2942606907425702,0.4169287608709446,0.32676309599377656,-0.3552131391818525,-0.33222016953129724,-0.5112361251017974,-0.41692876087094705,-0.5886195838993069,-1.094013825593959,-0.1194385289676938,0.5426936936293048,0.7646961593591496,0.12938209398315703,0.2969514579834834,-0.5889807838592799,-0.44280867313121175,0.1675061190617436
8400,-1.1523613672388646,0.4420173705796247,0.33895294099917955,-0.3724292472552141,-0.34202006382516537,-0.6025186553898054,-0.442017370579626,-0.6475529528103416,-1.1075243380928579,-0.09340128326396792,0.6712235793041262,0.8551655665895637,0.0812041872496501,0.26778570916466343,-0.5882599718620735,-0.47614410943096164,0.19175622848257023
8410,-1.0143183497241686,0.4659136273888682,0.35342339054108085,-0.37622872396597423,-0.35762662628259845,-0.6893908089071082,-0.465913627388871,-0.6734519066841935,-1.08649188381837,-0.026719878766960577,0.7369315584452685,0.8552435312313126,0.03909605460397263,0.22975794669356628,-0.5865540353296494,-0.5017224344416811,0.22158363104090245
8420,-0.8840653220621294,0.4893095405880517,0.37099415734864266,-0.3660499271584726,-0.3808604251575585,-0.772928721672513,-0.489309540588053,-0.6638588267377692,-1.031052624350925,0.08779121306374298,0.7321436175829414,0.7565178358767489,0.003272297002819706,0.18060145543056996,-0.5829682286468333,-0.5215430973064279,0.2582508921636803
8430,-0.7649826065736598,0.5131171482024083,0.39240241755434446,-0.3420037450420623,-0.412784249061904,-0.855348324833723,-0.5131171482024107,-0.6184389384330861,-0.9416973394111754,0.25435576892518075,0.6548465965618935,0.5560691352033763,-0.027050240923716964,0.1187430023898376,-0.5758461006446746,-0.5372094939107971,0.3021608276189779
8440,-0.6595270642692643,0.5382449470215748,0.4181433099959191,-0.30528262357939423,-0.4533033126080805,-0.9385298260853934,-0.538244947021577,-0.5396901004247936,-0.8209822089580396,0.47139151908702764,0.5092375775727629,0.2596614189514125,-0.05313081417587351,0.044691571258871216,-0.5623875724944334,-0.5498549908003788,0.35272983604242003
8450,-0.5690056785669507,0.5653545449783416,0.4482322299697951,-0.2587339814989983,-0.5006514659241198,-1.0227169966453575,-0.5653545449783449,-0.4340298106488933,-0.675542288249328,0.7283292381286454,0.30725050942735943,-0.11406159316238793,-0.07629631797697865,-0.03764406424397594,-0.5382624155593023,-0.560100142352443,0.40836355858883744
8460,-0.49352228269077403,0.5947599657109137,0.4821150100683875,-0.20709005840794775,-0.5512109821835811,-1.1059464962151861,-0.5947599657109165,-0.3121571829790854,-0.5169711216037461,1.0044537920213596,0.06893005597283675,-0.5320623386375489,-0.09773384000790446,-0.12045563506189394,-0.4973729030417913,-0.5680741392825811,0.46665468207395133
8470,-0.43208665152661757,0.6265797693366458,0.5189093970972246,-0.15638810362242164,-0.6000686051596539,-1.1845851924766098,-0.6265797693366479,-0.18760990474645897,-0.36032851009266015,1.271923290077556,-0.1804933094907518,-0.9515394787484996,-0.11848491006860148,-0.19302808018254664,-0.431878675813491,-0.5735256963103545,0.5248075244143842
8480,-0.38284778899462474,0.6610959487140298,0.5579350058975568,-0.11266527844372969,-0.6422193605572536,-1.25475258325807,-0.6610959487140334,-0.07368558557484423,-0.2205720551420102,1.5024327614430153,-0.41657526618666546,-1.3300327258017892,-0.13957152266690115,-0.24400269386653806,-0.33244800109662564,-0.5759993208276665,0.5801920131345785
8490,-0.34340217704862663,0.6990986497493983,0.599227714794401,-0.08063973251639028,-0.6737731104681606,-1.3137695035235863,-0.6990986497494007,0.019633109067524347,-0.10893019777927862,1.673915410328331,-0.62156537653754,-1.6355472684693846,-0.1621314123322474,-0.263687223620373,-0.18863261879420903,-0.5750035876267492,0.6308739116467409
8500,-0.31112822997179673,0.7419729966260621,0.6437071073085413,-0.06308284565920916,-0.6925288577492094,-1.3608127646738792,-0.7419729966260646,0.08708572886291278,-0.03121554321521962,1.7737406896097843,-0.7870320802607882,-1.851221200436349,-0.1874467720973199,-0.2452767453821271,0.010534492049876859,-0.5701144723281135,0.6759533827953842
8510,-0.2835034808980281,0.7914239683601739,0.6928844380150104,-0.060958281627379325,-0.6978465970314133,-1.3966381719045615,-0.7914239683601731,0.1276388390102531,0.011652239791528301,1.7980182469671708,-0.912680648369474,-1.9737851899586984,-0.21680982613524546,-0.18497109051031033,0.27528345970803725,-0.5610285308991709,0.7155782077949855
8520,-0.2583674493686514,0.8488811767897647,0.7482132569911171,-0.07387481573549681,-0.6902198069991631,-1.4228066454491068,-0.8488811767897663,0.14308608511084728,0.02211221544890167,1.749254924732632,-1.0032073829955495,-2.0091078766172212,-0.25122661283204245,-0.08186097176188525,0.6126680468600185,-0.5476294077982864,0.750603224996703
8530,-0.2341010002002176,0.9147032292361874,0.8102626694584003,-0.10040080580893071,-0.6709540252346926,-1.4408917279953113,-0.9147032292361909,0.13680123059398275,0.0046687278743249225,1.6346212509415567,-1.0652286211742816,-1.9682885931497545,-0.29100293719099196,0.061657185472341385,1.0228576397697597,-0.5301117705474523,0.7820203673796413
8540,-0.2097042363792851,0.987379918007836,0.8779268251997224,-0.1381222995313914,-0.6420672237548143,-1.451895575637025,-0.9873799180078382,0.11305012240593429,-0.03471367832718357,1.4654567238589682,-1.1052374857405287,-1.8655752038807794,-0.3353176640022998,0.23896731163493723,1.4950676561970524,-0.5091386410995686,0.8103854058972771
8550,-0.18477021321800388,1.0630378295947411,0.9479479507708793,-0.18364184151850135,-0.6062576382076943,-1.4558912251126745,-1.0630378295947418,0.07667317255047326,-0.08881736822690067,1.2571216178716729,-1.1285842092563059,-1.7173916830144318,-0.3819664402284007,0.4386330914564087,2.0051336115338243,-0.485939032270944,0.835432244691015
8560,-0.15936898823338547,1.135559381370277,1.0150209377755544,-0.2328081543847704,-0.5667039518715977,-1.451834868729181,-1.135559381370279,0.03274909483558921,-0.14951454466769665,1.027850098935256,-1.1391113607122958,-1.5411037328500974,-0.42746668252221526,0.6451120121520278,2.5168890389379857,-0.46223923384535076,0.8559312385776682
8570,-0.13387169139639005,1.1973720483482708,1.0725182190663136,-0.2812932436329596,-0.5266006345086315,-1.43749016874896,-1.1973720483482748,-0.013974526947162615,-0.20852185207647983,0.7960546210359221,-1.1391068872942713,-1.3528123869857929,-0.46756108711716887,0.8410851892144717,2.9878090642559614,-0.4400006115957954,0.8697367236160108
8580,-0.10875323881830919,1.2405587624828325,1.1135099098419936,-0.32532975396527053,-0.48857445427201884,-1.4094249619390107,-1.2405587624828336,-0.059762431585340385,-0.2583648588041746,0.5769308084170536,-1.1293899884702272,-1.1647077986110714,-0.4979084876138227,1.0105312730641498,3.376620564256983,-0.4210675131530472,0.8739562721960916
8590,-0.0844126040321252,1.2577679607310739,1.1315999059737025,-0.3622611904138624,-0.4542612733275751,-1.3630925933529752,-1.2577679607310777,-0.10236997136759766,-0.2931001896661873,0.37997340214981606,-1.109475468602326,-0.9832370808058706,-0.5146402161494715,1.1410892740693355,3.649275082455786,-0.40689220949330057,0.8652437464513206
8600,-0.06104157690664853,1.2427008325224642,1.1213680364519227,-0.39069036291081877,-0.42422968317305415,-1.2931249010636543,-1.2427008325224655,-0.14110221851788787,-0.30855187094330067,0.208469087643414,-1.077847506674861,-0.8089929265759764,-0.5146293196010291,1.2248726709683606,3.781339262333228,-0.3984302055236548,0.8402948148852101
8610,-0.03855960629697918,1.1904832276136097,1.0786848753525033,-0.41028822554414146,-0.3982342548302273,-1.1941092634531099,-1.1904832276136146,-0.17648040724023178,-0.3022542141434986,0.06084467287785938,-1.032432896831899,-0.6383529631641703,-0.4956261848254617,1.258103365094584,3.757966376603773,-0.39615878999046933,0.7966065497403159
8620,-0.016617755928220988,1.0985119006105482,1.0014211716436299,-0.4214925712264937,-0.37565194177776695,-1.0621624732952284,-1.0985119006105506,-0.2096952696788392,-0.27353944665559615,-0.06699755408553631,-0.9713807507804013,-0.4663205933275501,-0.4565818737053707,1.240642000129741,3.574393625232692,-0.40009041373723636,0.7333999062577117
8630,0.005337460745061308,0.9680823086675033,0.8908301692677553,-0.4252928329033165,-0.35594659442764687,-0.8973224606787709,-0.9680823086675034,-0.2420338690333065,-0.2240533352444743,-0.1792486688121255,-0.8941459896220743,-0.28985121756627447,-0.3983447178478103,1.1762275330351042,3.238978077132503,-0.40968864247891984,0.6523982334174756
8640,0.027957796774270276,0.8062521551838095,0.7531398078327685,-0.42314281832006734,-0.3390390089650699,-0.706005600337186,-0.80625215518381,-0.27442977491239656,-0.15848855253612465,-0.27830946847906757,-0.8025624973287885,-0.11074428552974211,-0.3244921290757802,1.0732557614065532,2.7775969006834833,-0.42372205901193294,0.5581091516365553
8650,0.051866113024851,0.6264618419763418,0.6000825314133266,-0.41689290802812534,-0.32547896183292613,-0.5019013332307017,-0.626461841976347,-0.3072734361074945,-0.08480634870191789,-0.36392693267545356,-0.7012262833112511,0.06314162336975136,-0.24160043335035714,0.9449074807059438,2.2348472959202357,-0.4402246010626193,0.45743625722460823
8660,0.07753090855200673,0.4465039275061875,0.4471486991951902,-0.40859966172641254,-0.31636229722802733,-0.30382703257485105,-0.44650392750618456,-0.34056785033678333,-0.013226446373937774,-0.4335753417969541,-0.596568818187381,0.2193103335286468,-0.15828013028479637,0.8073651174722382,1.6674513947588354,-0.4567348746052364,0.3587030022390511
8670,0.105163753628339,0.284158063683995,0.3098330016208235,-0.40019622880668965,-0.3130550066784068,-0.13096125232256353,-0.28415806368399443,-0.37434847252874676,0.045893250763494535,-0.4837557291146587,-0.4948063722694464,0.34419411165368174,-0.0831174552818257,0.6762451947499614,1.1306105359529643,-0.47079110889131964,0.2703408580184174
8680,0.13465749459031354,0.15282526132909213,0.19987851969055376,-0.39317327690750176,-0.3168954179161247,0.001955721700019974,-0.15282526132909127,-0.4091036849834861,0.08418159724099807,-0.5113727032774825,-0.3998984049823823,0.4268100787808304,-0.022619040627770308,0.5630722788023087,0.6644686465694654,-0.4804256069415295,0.19955052690806488
8690,0.16557782076655556,0.05949617352860441,0.1235214318642609,-0.3884370431205783,-0.3290092285026612,0.08691553479164421,-0.05949617352860741,-0.44592945123831196,0.09629343763248051,-0.5144779679678254,-0.3126726483197897,0.46059902851796025,0.01973966859828408,0.47369397969474103,0.2880418798893805,-0.48440231596783484,0.15123676340326508
8700,0.19721362633801115,0.0053715269879059235,0.08200162638667356,-0.38636730394138774,-0.3502146480837982,0.1221294797914277,-0.005371526987908914,-0.4863313538654385,0.07977575623584411,-0.4923571989321668,-0.2313585218035065,0.4432953329153336,0.04321219199770309,0.4089356633358468,0.0018159645709671724,-0.4821735584019882,0.12745599098420698
8710,0.22868274187638163,-0.012272648237209615,0.07312053667953536,-0.38696796628629626,-0.3808865952163991,0.11029240211433834,0.01227264823721141,-0.5317557466984945,0.03450737414766462,-0.44544928761222513,-0.15295354605228056,0.37608773722217514,0.04888897087430821,0.36638140126238145,-0.2051907464703663,-0.47372763632317993,0.1274681970075856
8720,0.2590795441605419,0.0015435538671420414,0.09257178835490541,-0.3899966089170566,-0.4206890894596682,0.05723811344912964,-0.0015435538671474233,-0.5829920975170904,-0.03757245841367181,-0.37552313116698516,-0.07472329931698851,0.2632676270675628,0.03891255206646728,0.34206018939814126,-0.34855100124380817,-0.45949515148918113,0.14826914711614936
8730,0.2876410023528347,0.040342643813208956,0.1345859794259265,-0.39503215735464425,-0.4682333202363774,-0.028504596715341633,-0.04034264381320777,-0.639615639316319,-0.13232361502109596,-0.28610779604749204,0.004616391858924046,0.11256751876807651,0.016055112997838916,0.3314932206121044,-0.44391687511890104,-0.44034954351875794,0.18532690808714472
8740,0.31390047901610274,0.09653441833949142,0.19218073213180115,-0.4015086678301053,-0.5208706785157683,-0.13577541089087408,-0.09653441833948964,-0.699689412606649,-0.24329928328169173,-0.18276040711061622,0.0842981186314559,-0.0645517136220067,-0.016490368570802123,0.33016747758832726,-0.5048609416005365,-0.41761093906490576,0.2332787675789718
8750,0.3377973630281283,0.1618466680703136,0.25755445768455765,-0.40876619234240635,-0.5748590568353235,-0.25131006401180067,-0.1618466680703124,-0.7599348497719952,-0.3622757934357046,-0.07266201360370211,0.16163793141021407,-0.25366015760627897,-0.05538590817938439,0.3337291619751536,-0.5422187441746382,-0.39292707394288473,0.28650252006602456
8760,0.3597174248882749,0.22815178968431718,0.32289888928808813,-0.4161438417984382,-0.6259619618525171,-0.3611191390890247,-0.2281517896843181,-0.8163946777268356,-0.48062533803488666,0.03660711460252872,0.23284586403825988,-0.4395122065736626,-0.09763327414444901,0.33812145242440067,-0.5641494986296008,-0.36798590438704937,0.33959269055630653
8770,0.3804524835254411,0.2884886853342829,0.3814159589245981,-0.4230917766836429,-0.6702462134197962,-0.4522857450035774,-0.28848868533428534,-0.8653166918913404,-0.5910638618669575,0.13865895526886965,0.2941327295235695,-0.6088362302687865,-0.14115053827710047,0.3397171569012195,-0.5764740075904249,-0.34415431347022274,0.387778073595647
8780,0.4010841284642018,0.33779866334629816,0.42805981542317467,-0.42925186199465065,-0.7046995859213091,-0.5143320468831006,-0.3377986633462985,-0.9038455079069722,-0.6889468132065046,0.22948552020617705,0.34259153351270477,-0.7524259574031174,-0.18516982852584712,0.3353955724609989,-0.5831120413241879,-0.32221345557311787,0.427271871736458
8790,0.42280967270259673,0.37308097269129825,0.459717112120922,-0.4344740082312809,-0.7274493930834685,-0.5397003380095485,-0.3730809726913034,-0.9302826789987824,-0.7725730601219755,0.30773931525989645,0.37655010405797606,-0.8656994657215755,-0.23025041487926143,0.3225578719753582,-0.5865464456228902,-0.3023064171713835,0.4555214059882233
8800,0.44673643953305997,0.3930920784592793,0.47495695498662555,-0.43877446821974786,-0.7376710201680505,-0.5236901243846418,-0.39309207845928174,-0.9440020525451842,-0.8425624374204297,0.3741548199314928,0.3954840318864523,-0.947920058886255,-0.2778742314527464,0.2991947468128622,-0.5882573001473952,-0.28409463928834794,0.4713336851892519
8810,0.4736736586670661,0.397961030377618,0.47372787758222,-0.4422667542027809,-0.7354559288585654,-0.4646397946566997,-0.39796103037761954,-0.9452998096331577,-0.9007505086477269,0.43050542685699095,0.3998118455028679,-1.0008986895910186,-0.3297114218740836,0.2641774014574775,-0.5890788775301852,-0.2670430243909858,0.47487017550527044
8820,0.503952218735264,0.38901400033819933,0.4572894509035398,-0.445094614856741,-0.721844517087132,-0.36485952712077324,-0.389014000338197,-0.9353984173421511,-0.9490456167047496,0.4785007129880173,0.3908332472459807,-1.0279050075938814,-0.386709253305751,0.21783955642566177,-0.5894589278589091,-0.2507423131548283,0.4675130198106327
8830,0.5373026746974064,0.3688045063197317,0.42834271243059857,-0.4473836838988552,-0.6989896911699164,-0.23192937764125351,-0.36880450631973327,-0.9165869498602368,-0.9885387414946023,0.5189085704528127,0.3708109510279267,-1.033018488909235,-0.44827587829899074,0.16264141618461853,-0.5896278073782761,-0.23518063642419704,0.45161414132846306
8840,0.572819608424581,0.34105431577012885,0.39100145247058243,-0.44921766648526623,-0.6701749383968991,-0.07905141649523385,-0.3410543157701283,-0.8922416745075594,-1.0190357778583212,0.5510985996386177,0.3429353808967169,-1.0206856328461469,-0.5119779798833558,0.10341222181878774,-0.5896996004679941,-0.22086966953903867,0.4301540869080266
8850,0.6090318221654344,0.31018044152030955,0.3502256462103197,-0.45063770853309815,-0.639398157267004,0.07681046926338311,-0.3101804415203096,-0.8664526474129712,-1.039063355853243,0.5730903320696782,0.3108849404257775,-0.9951164375495323,-0.5740868358454306,0.046713168114487266,-0.5897286875997292,-0.20876232964837116,0.4063508772423071
8860,0.6440800002172526,0.2804254222459586,0.31075515881171406,-0.4516565183387302,-0.6105577368769244,0.2187347337973281,-0.28042542224595834,-0.8432846418342943,-1.0462030120549495,0.5819627138956336,0.2780066228967041,-0.9594302306190687,-0.6308129855310687,-0.0005528565660827165,-0.5897398979097142,-0.2000094995218508,0.3832661300462197
8870,0.6759782110849679,0.2550212083494961,0.2760792222155053,-0.4522743129474146,-0.586662303645833,0.3335591698296744,-0.25502120834949943,-0.8260602057268083,-1.0374516519520174,0.5742861239132306,0.24652223276771568,-0.9148623814802864,-0.6795337394836745,-0.032506330504529495,-0.5897440117411457,-0.1957137972561641,0.3634607465530095
8880,0.7029108757373297,0.23583039105885514,0.24799054299820664,-0.4524872965160808,-0.5694887404567666,0.4135123330898035,-0.2358303910588534,-0.817051444873542,-1.0094008270208572,0.5463318444566966,0.21718703474884027,-0.8604424399882467,-0.7193479851771597,-0.044895243991096186,-0.5897454540624124,-0.19681602077815344,0.3487542440355149
8890,0.7235035815755372,0.22351867882243398,0.2268025874162203,-0.45228900761059937,-0.5597355499104016,0.45555498741107364,-0.2235186788224358,-0.8176039121297873,-0.9583394457119275,0.49416370346901767,0.1894879449524106,-0.79331945399793,-0.7508573094677113,-0.034920054854782924,-0.5897459393596031,-0.20410463514263547,0.34012757020476847
8900,0.7370118701419197,0.21797028436851276,0.21189979595831057,-0.4516719331778864,-0.5573899600536699,0.4597707941849582,-0.2179702843685116,-0.8283966382556023,-0.8806440190732152,0.4140103203046976,0.16217375301772305,-0.7096941771115653,-0.7755413309082708,-0.0008789863840612999,-0.589746096684612,-0.21821678025032934,0.3377696853958879
8910,0.7433954365479192,0.21863191772621687,0.20225916677409897,-0.45063679899489517,-0.5620032898956403,0.4282507828211793,-0.2186319177262181,-0.8495201338825813,-0.7738222178105923,0.3033209052649656,0.13388441545289811,-0.6062837021746852,-0.7951260360685873,0.05773035735531133,-0.5897461459316536,-0.23949436213785436,0.3412198498116795
8920,0.7432759609654224,0.22464872569885633,0.1967750827481473,-0.44921121679832043,-0.5727470489943227,0.36505930022076616,-0.22464872569885666,-0.8802567808855984,-0.6382433325419921,0.1625515419286816,0.10374639437519272,-0.4821614775790668,-0.8111348422299527,0.13944413631936414,-0.5897461608148145,-0.2676615164239446,0.3495381146952807
8930,0.7378023971207228,0.2348470753607875,0.19439808259999813,-0.44747031383891644,-0.5883254709089636,0.2768645215718232,-0.23484707536078694,-0.9187249676891409,-0.47892879776978764,-0.002968128322275084,0.0718266926067851,-0.3404315363139236,-0.8246455330372995,0.2398149137134254,-0.5897461651476363,-0.3014602613736522,0.36146243005200007
8940,0.7284599442092883,0.24773109255129788,0.1941774749786434,-0.44554404415925636,-0.6069490487034481,0.17315646477425564,-0.2477310925512961,-0.9617605424339914,-0.30612674256932165,-0.1824173679272139,0.039282589730255994,-0.18871361985460572,-0.8362270475964775,0.3510651883398206,-0.5897461663586658,-0.3385331724962251,0.37555202178715036
8950,0.7168579146132846,0.2616417894126267,0.19529294190673827,-0.44359823096672224,-0.6265491743551737,0.06511168846576257,-0.26164178941262706,-1.0053568740842298,-0.13359108534489542,-0.3612389617966462,0.008077488931015868,-0.03757716251883396,-0.8460249060912778,0.46319909922715913,-0.589746166682697,-0.375798874685576,0.39033300831894524
8960,0.7045229222243616,0.27507398373930897,0.19710737074363902,-0.44179375152770994,-0.6452137557283005,-0.036750933837112656,-0.2750739837393108,-1.0455768007063067,0.025020576007037696,-0.5248270170680248,-0.019628843848140152,0.10270599092644792,-0.8539318560574498,0.5663301975903764,-0.5897461667656185,-0.4102369512668221,0.4044462640383004
8970,0.6927142957394347,0.28698329841373155,0.19922020830846626,-0.44024697537327584,-0.6616103210157434,-0.12481820558815371,-0.2869832984137325,-1.0794090202307263,0.15959862462268548,-0.6620142183836035,-0.04204472984590872,0.22539117744956347,-0.8597391586304205,0.6528697713208398,-0.5897461667859515,-0.43964338112343576,0.4167675769051863
8980,0.682273095690384,0.296914661516431,0.20149195225269756,-0.43901372442305653,-0.675165812032342,-0.19524318082071254,-0.2969146615164274,-1.1050501949345028,0.264925951663094,-0.7662907849233506,-0.05791184707055106,0.3288784721993135,-0.8631771447110944,0.7182479952211265,-0.5897461667907495,-0.4629329958389526,0.4264447398155955
8990,0.6735155068708243,0.30493300538502943,0.20404152748516588,-0.43809995791582457,-0.6859754655165131,-0.24723504374478597,-0.30493300538503154,-1.1215238658077256,0.3396162102805932,-0.8344042505988093,-0.06619905290872466,0.4165591844258163,-0.8638203474953836,0.7599377502331003,-0.5897461667918452,-0.4799271141020725,0.432794667796228
9000,0.6661832902241648,0.3114616620385036,0.20724477308387068,-0.4374864851417092,-0.6945824702805278,-0.2815269600916618,-0.31146166203850845,-1.1279129379195016,0.3837349350260372,-0.8634410714652737,-0.06549315200362632,0.4958978850020542,-0.860889533298811,0.7754841273840591,-0.5897461667920887,-0.4908667138534659,0.43506244462008437
9010,0.65946431660012,0.3171373134722102,0.21175509589460564,-0.4371536472804657,-0.701776091064419,-0.29885185154838756,-0.317137313472212,-1.1225409486150777,0.3963469434863437,-0.8477139188361559,-0.05331316965269334,0.5777355453865725,-0.8530082424626206,0.7603953794411017,-0.5897461667921415,-0.4959200180814456,0.4321946971274908
9020,0.6520912585738584,0.32271812668980915,0.2185249488547509,-0.43709793039170736,-0.708462666628641,-0.29891235822767215,-0.32271812668981126,-1.102396015961738,0.373833994240803,-0.7765787602083083,-0.02561594485807583,0.6759294775249587,-0.8380213707021744,0.7066575095262043,-0.5897461667921527,-0.4948485994457047,0.4229189955286477
9030,0.6425148947845988,0.32900171363761765,0.2287291809382822,-0.43733555884435543,-0.715565424843869,-0.2801784257819751,-0.3290017136376156,-1.063245476079104,0.3098479873068446,-0.6348300537795634,0.022982755083519796,0.8062310144705458,-0.813134901671269,0.6030539484697585,-0.5897461667921551,-0.486960023669927,0.4062642422811885
9040,0.6291322413439834,0.3366540776316889,0.24340325169305418,-0.43788625622024663,-0.7238462357144945,-0.24099376838510383,-0.3366540776316896,-1.0012184814529685,0.1982970598267655,-0.4085163306694676,0.09733499039607316,0.9821823751597474,-0.775848233613226,0.43934463550849545,-0.5897461667921555,-0.47153928513106497,0.38221414882143
9050,0.6105340643884012,0.3458810627791498,0.26267471118717856,-0.4387333716664641,-0.7335740681834716,-0.18226591177963727,-0.34588106277914865,-0.9163427717357953,0.040213350320698185,-0.09795223841582232,0.19764127086278455,1.2065644728764175,-0.7259804406003321,0.2155919509128943,-0.5897461667921556,-0.4488717554957555,0.35202641958252184
9060,0.5857276329924087,0.3560982419319624,0.28496852267377565,-0.4397810944696816,-0.7441957338211664,-0.11034247608613436,-0.35609824193196066,-0.816246198294957,-0.14899604166777541,0.26864720048553054,0.3151548594767217,1.46262680162261,-0.6677761047129277,-0.04807668549399751,-0.5897461667921556,-0.42133184035936555,0.3180701256357024
9070,0.5542934107074273,0.3660247682173801,0.3071858714739293,-0.4408607869691572,-0.7544392060412498,-0.03655145397858413,-0.36602476821737895,-0.7153980665283695,-0.3408735848963562,0.6378962809948708,0.43308712972996,1.716301580588868,-0.6094465326117507,-0.31345118052988247,-0.5897461667921556,-0.3932033815814302,0.2833407208704561
9080,0.5164488779444941,0.37434663195318363,0.3262179299974703,-0.44180645517323297,-0.7629937074855063,0.02793987236971862,-0.3743466319531855,-0.6281817028695134,-0.5071636475692531,0.9566072345402585,0.5346860016806715,1.9333989762902195,-0.5591798673296418,-0.5424593950932629,-0.5897461667921556,-0.36872615272381665,0.2508427170357637
9090,0.4730139484872933,0.38035672567183715,0.3404444980183515,-0.4425315497801747,-0.7691619159804292,0.07734036342758938,-0.3803567256718396,-0.5619633744204157,-0.6331257401988005,1.197138899758848,0.611286031402668,2.0965727915277386,-0.5211667754042745,-0.7153651920540034,-0.5897461667921556,-0.3501227122955271,0.2229569510296474
9100,0.42529292329974805,0.38399479926417196,0.34988185759015095,-0.44303842247143427,-0.7729000190190122,0.11187490986826007,-0.3839947992641744,-0.5162941222210229,-0.7190187329493067,1.3601402806101663,0.6631746270899515,2.207117790506806,-0.4951580356967806,-0.8327490135740776,-0.5897461667921556,-0.3373728633462193,0.2009116091709735
9110,0.37490137742086066,0.38544932035344,0.35535348780993664,-0.4433788302541469,-0.7744135500740342,0.1351083151258912,-0.3854493203534403,-0.4865223148342362,-0.7730034011289919,1.4609369278244295,0.6952727573519975,2.275923059008498,-0.478559821515373,-0.905767100561546,-0.5897461667921556,-0.32925989692568347,0.18455284740101324
9120,0.323570944865736,0.38473599591639246,0.3576690251499268,-0.4436164893676819,-0.7737313870358377,0.15141556746926876,-0.3847359959163919,-0.4672299595931238,-0.8042625811461108,1.5162911177261362,0.7129419116198749,2.314765880882641,-0.4684404993862822,-0.9467032194814724,-0.5897461667921556,-0.3243829195500734,0.1725780568945947
9130,0.27296300190763384,0.3813840549987959,0.3571683518771188,-0.4438117445638253,-0.7703906253849713,0.16495791991408093,-0.38138405499879924,-0.45373789261253683,-0.8196708434719706,1.5377987877886061,0.7199004000510837,2.3320891990290353,-0.4624570947718329,-0.964318049805798,-0.5897461667921556,-0.3216358845660227,0.16307261654271946
9140,0.22451719085127747,0.37413686416742314,0.3534867733552228,-0.44402334247016406,-0.7631372517098455,0.1798250966041638,-0.37413686416742564,-0.44218654449026784,-0.822948034529252,1.5298022320754032,0.7175736863088883,2.3318423586140513,-0.4590109462874212,-0.9624930715424846,-0.5897461667921556,-0.3203054801926253,0.15385804905975128
9150,0.17935396098973092,0.36055077112309375,0.34533714411622873,-0.4443188793561783,-0.7495249543708616,0.20077383700077778,-0.3605507711230983,-0.42899058245403476,-0.8146658004561075,1.4886417398706155,0.7048711274059358,2.313287208895305,-0.4571064480446134,-0.9399084462132931,-0.5897461667921556,-0.3200253693455894,0.1423932610706144
9160,0.13824102061346233,0.3364822939969475,0.33023274128145863,-0.44478837958623774,-0.725401479040269,0.23418485504979894,-0.3364822939969466,-0.41013337843090264,-0.7922824314591137,1.401737219175022,0.67790997031073,2.270749753211054,-0.45616704080172527,-0.8896568524006654,-0.5897461667921556,-0.3207127722893041,0.12566070623000036
9170,0.10162156136218498,0.2957466737435854,0.30430930987372884,-0.44555389645574844,-0.684565592471651,0.28873666808147014,-0.29574667374358665,-0.38065237846290906,-0.7502438459297892,1.2471165353750955,0.6298750990187679,2.1935468204295043,-0.4558889148305622,-0.79908829813086,-0.5897461667921556,-0.32251427912638425,0.10073321078361742
9180,0.06968991099679243,0.23086310760545717,0.26283019160469717,-0.44675804769031185,-0.6195109731504654,0.3745768164397381,-0.2308631076054572,-0.33496730216203263,-0.681110494722636,0.9968942244764729,0.5521027873263334,2.067846234592027,-0.4561331608444565,-0.6519427223813733,-0.5897461667921556,-0.3257183639644677,0.06597484456696524
9190,0.04249204824598385,0.1364555809698396,0.20238313215052542,-0.4485028447471146,-0.5248278380841914,0.49894441190708005,-0.136455580969839,-0.26911659055794723,-0.5794469828032005,0.6308700972761433,0.43830560455194206,1.8835820383981234,-0.4568297930868924,-0.4364154740473042,-0.5897461667921556,-0.33054741347188005,0.021967785921805955
9200,0.02002650731451841,0.015560978242371447,0.12493359401210356,-0.45073447427148366,-0.40351361665267305,0.6579321720220127,-0.01556097824237145,-0.1850520878702811,-0.4487882025082848,0.1613014730838743,0.29226600035842537,1.6469695913044322,-0.4578782632096141,-0.15978725199990068,-0.5897461667921556,-0.3368099659068485,-0.0284633721799928
9210,0.0023244066106318986,-0.11630450736525974,0.04043710624512407,-0.4531690710248637,-0.2710337987752551,0.8311695041474397,0.11630450736525796,-0.09340766797474609,-0.3061268571526499,-0.35113296569377467,0.13278943113350516,1.3885627920029209,-0.45908510994501134,0.14214962846861523,-0.5897461667921556,-0.34367766857650073,-0.08095277831771355
9220,-0.010507433406714353,-0.23720049157174153,-0.03703807352913551,-0.4554047629560779,-0.14923572843705718,0.9897906654875976,0.23720049157174333,-0.009271637878703453,-0.1753945097382824,-0.8208055354976591,-0.013602047024229538,1.1514257227550553,-0.46020962369836893,0.4189136918358915,-0.5897461667921556,-0.3499960087887414,-0.13059448030539964
9230,-0.018290962342380767,-0.33161120089964546,-0.09754414599316398,-0.4571589091658251,-0.05343908615518462,1.1133145990054434,0.33161120089964674,0.056743679967367434,-0.07356169754604204,-1.18706889115362,-0.1282090207204559,0.9659541487639216,-0.46108126276807565,0.6347535691166304,-0.5897461667921556,-0.3549534432095587,-0.1730044127612162
9240,-0.02083322822869634,-0.39650073862893015,-0.13913380015136345,-0.4583805712032522,0.013701066336086809,1.1975746544382997,0.3965007386289314,0.10273704172949324,-0.0041112699161511565,-1.4377393026174965,-0.2074980379838827,0.8379920936520484,-0.4616532982020846,0.7824847122588782,-0.5897461667921556,-0.3583979772345507,-0.20532379840524792
9250,-0.018028747655389206,-0.4372470035238837,-0.16525377739268737,-0.4591772220724622,0.05824487798057944,1.249317274622369,0.43724700352388435,0.13276611572361108,0.03849101584011234,-1.5931567791872916,-0.25822954125612585,0.7567680970857407,-0.4619579912279958,0.8740944465323308,-0.5897461667921556,-0.3606269624227102,-0.2269197534565617
9260,-0.009987497285960295,-0.46133417999450393,-0.18070222042246517,-0.45970121459946706,0.08885781431207133,1.2778120057713072,0.461334179994504,0.15258244428697526,0.06186084317297467,-1.6814560690428664,-0.28991033925245624,0.7071922533853775,-0.4620386982816737,0.9261684835925048,-0.5897461667921556,-0.3620624606926168,-0.23934610009353563
9270,0.002846670751020777,-0.47495295388683173,-0.18945003440540492,-0.46009148351756796,0.11375082450787471,1.2902153445644848,0.4749529538868294,0.16744542808861343,0.07185755536924827,-1.7250417278377486,-0.31081737216229766,0.6763999036387758,-0.4619077036335938,0.9519216104710864,-0.5897461667921556,-0.363082615882729,-0.24536737894410576
9280,0.019628078500562484,-0.4822570395615901,-0.19416520587680003,-0.4604667327564167,0.14048953437164247,1.290323594466123,0.482257039561586,0.18187566036078712,0.07154098408311566,-1.7372287879704038,-0.3273164339059153,0.6550097512407795,-0.46152552212579445,0.9592208573300203,-0.5897461667921556,-0.3639977647820658,-0.24765164005668666
9290,0.03912146326588913,-0.48570742843697995,-0.19643480462180785,-0.4609419840751254,0.17716227758548725,1.2786234000706647,0.48570742843698245,0.20029101516576794,0.06119485481509467,-1.7228927915091248,-0.3446029421651419,0.6361502635567805,-0.4607847906049139,0.9509733383005095,-0.5897461667921556,-0.36509091615938943,-0.24804890306163002
9300,0.05979822041467148,-0.4865892142887192,-0.19709800655562407,-0.46165095153402286,0.233934885168465,1.252464355515186,0.4865892142887187,0.22786518712552606,0.038447130916518496,-1.6796134560953853,-0.36773609176843536,0.6140692700756885,-0.4594909974651256,0.9258064151479111,-0.5897461667921556,-0.3666731951582309,-0.24761759663638433
9310,0.07999284254711998,-0.4854172581982604,-0.19650745684137222,-0.4627632990188658,0.32424656356012005,1.2062064044489669,0.48541725819825626,0.2711896794955895,-0.0016250091949238847,-1.598593062860203,-0.4024409769399751,0.5830513787267428,-0.4573479673219606,0.8786136552090397,-0.5897461667921556,-0.3691267082228892,-0.24692991194440495
9320,0.09808077588997659,-0.4822372767086508,-0.1947207282565376,-0.46447957146701235,0.46425515343261414,1.1320342221094355,0.4822372767086509,0.33806927464645975,-0.06580549069656237,-1.4665436128985283,-0.4551344721977799,0.5371396597918311,-0.4539807081370256,0.8016617579934329,-0.5897461667921556,-0.37289671799112817,-0.24630984815031914
9330,0.11264104439065471,-0.47693079377875447,-0.19168683847926252,-0.4669737949625002,0.6680584506458678,1.0228431814618175,0.47693079377875097,0.4352805021635836,-0.16025233742156297,-1.2711225050608215,-0.5312865079824671,0.4713893180798097,-0.4490568154060102,0.6877630945825346,-0.5897461667921556,-0.37836781197653485,-0.2459497955624608
9340,0.12257960942256607,-0.4696093821018374,-0.18747969157630517,-0.47026496529564427,0.9371350174460608,0.8781118710717364,0.4696093821018386,0.5635600570728875,-0.28542424581178827,-1.011621537886679,-0.6315716352832542,0.38508391728310265,-0.4425455165538559,0.5365085793733243,-0.5897461667921556,-0.3855833843490316,-0.24595773384494107
9350,0.12720300724222197,-0.46097758176637366,-0.18251076083197282,-0.47408312475449704,1.249363538240622,0.7099241041474166,0.46097758176637194,0.7123833270214249,-0.4308756830099974,-0.7098600554974624,-0.74782870548936,0.28515505123396173,-0.4349855033376209,0.36061848771126054,-0.5897461667921556,-0.3939527606190097,-0.24637862637306038
9360,0.12624136999131486,-0.45229334361592466,-0.17750818990154324,-0.4779000824159511,1.5615204862235477,0.5416767145412082,0.45229334361592294,0.861161080872194,-0.576375909069442,-0.4079104590379346,-0.8640148589315957,0.18533591029508792,-0.4274254283234182,0.18461742440917447,-0.5897461667921556,-0.40231887588289333,-0.24720901317954058
9370,0.11982577172697353,-0.4447936984306482,-0.1731867305871851,-0.4811873719835641,1.8303702461220948,0.39673470143312584,0.44479369843064526,0.9892938724529401,-0.7017206317291239,-0.14775634034209706,-0.9640654448853176,0.09939746357709438,-0.4209135357667877,0.032977712129105545,-0.5897461667921556,-0.40952381685658773,-0.24841076315992058
9380,0.10842887429093308,-0.4391135528121065,-0.16991326083922498,-0.48367397873997203,2.033739936903249,0.28708145189830525,0.4391135528121042,1.0862176228531635,-0.7965475459094504,0.04906909480458736,-1.0397423093003604,0.03440117862681891,-0.4159874223241248,-0.08174888651628835,-0.5897461667921556,-0.41497377379463135,-0.24992519720871145
9390,0.0927808227723148,-0.4352221849993622,-0.16767051463744337,-0.485376452077436,2.1729796388391978,0.21200163140639813,0.43522218499935933,1.1525772291342,-0.8614756207450707,0.18383945081786326,-1.0915535201199213,-0.010095571802312766,-0.41261461615784617,-0.16030456671018053,-0.5897461667921556,-0.4187050988717483,-0.2516865410217512
9400,0.07377371139667548,-0.4327355802776883,-0.16623733897633522,-0.48646399610697644,2.261926674948996,0.16403885136225366,0.432735580277686,1.194967922942973,-0.9029531838694518,0.26993512899276667,-1.1246501537635543,-0.038519081474951804,-0.4104600245778398,-0.2104885041256311,-0.5897461667921556,-0.4210886692602958,-0.2536318869871005
9410,0.05236717187388189,-0.4312165263753504,-0.16536180369691228,-0.48712826010068433,2.316255001404801,0.1347430157343601,0.4312165263753469,1.22085985691792,-0.9282878133251763,0.32252304654854,-1.144865179245918,-0.05587959454950047,-0.40914400445669985,-0.24114125398582165,-0.5897461667921556,-0.4225445338564809,-0.25570486187282443
9420,0.029505044407926388,-0.4303138995146115,-0.16484155273570628,-0.48752293266554914,2.348534224895119,0.11733672526419738,0.43031389951460863,1.2362435558364504,-0.9433405261431899,0.35376858105882514,-1.1568758898376428,-0.06619423178511834,-0.40836208730456164,-0.2593538339823563,-0.5897461667921556,-0.42340953513674523,-0.25785384153776436
9430,0.006049631888440194,-0.4297863575321302,-0.16453748949385755,-0.48775358863694895,2.3673989780840357,0.10716402579300723,0.42978635753213024,1.2452341535522249,-0.952137730905134,0.3720293406168338,-1.163895216989826,-0.07222231326241711,-0.4079051153177495,-0.26999777298261224,-0.5897461667921556,-0.423915062031402,-0.2600296670499955
9440,-0.017263381927470362,-0.4294810114302321,-0.16436149442383613,-0.48788709089819576,2.378317785392684,0.10127611333962544,0.4294810114302286,1.2504378565491672,-0.9572295128369608,0.3825985974861081,-1.1679579554815491,-0.07571131843314528,-0.407640622379329,-0.276158443821926,-0.5897461667921556,-0.4242076578054485,-0.26218650110442215
9450,-0.03984918681282673,-0.42930526585703166,-0.16426019821591498,-0.4879639286043866,2.384602145398555,0.09788729901213067,0.4293052658570299,1.2534328665689802,-0.9601601105576862,0.3886817842275783,-1.1702962776469916,-0.07771942431047675,-0.40748839240632956,-0.27970424768229896,-0.5897461667921556,-0.4243760623259091,-0.2642848142992711
9460,-0.06127941482629895,-0.4292044407691463,-0.16420208461731162,-0.48800800998505933,2.388207449473268,0.09594315275599777,0.429204440769144,1.2551510878019465,-0.9618413801408849,0.3921716799659089,-1.1716377600607735,-0.07887146277544198,-0.40740105885069783,-0.28173845876653136,-0.5897461667921556,-0.4244726750886887,-0.26623074383350515
9470,-0.08127282064836054,-0.4291467050353162,-0.16416880685990834,-0.48803325231254385,2.390271955395256,0.09482987549192752,0.4291467050353115,1.256134993084754,-0.9628041262159459,0.3941701007525969,-1.1724059331773362,-0.0795311543774181,-0.4073510490128989,-0.2829033101090524,-0.5897461667921556,-0.4245279984663904,-0.2681031552092655
9480,-0.09967578261319256,-0.4291136788920331,-0.16414977122650812,-0.48804769145963606,2.391452896639795,0.0941930571080952,0.4291136788920284,1.256697807791892,-0.9633548375391555,0.3953132402600664,-1.1728453444559714,-0.07990851186495904,-0.40732244232075726,-0.28356963003655666,-0.5897461667921556,-0.4245596446117931,-0.26990204842655124
9490,-0.11643743336291858,-0.42909479870923345,-0.1641388890509784,-0.4880559459318771,2.392128009015217,0.09382900510696941,0.4290947987092329,1.2570195538310283,-0.9636696644404569,0.39596674251241326,-1.1730965440565229,-0.08012423696175427,-0.40730608864277795,-0.28395054730101543,-0.5897461667921556,-0.4245777358621333,-0.27162742348536245
9500,-0.13158360033985486,-0.42908400916453115,-0.16413267016371635,-0.48806066314965235,2.3925138183117163,0.09362095877160201,0.4290840091645282,1.257203423385873,-0.9638495798996438,0.39634020221718413,-1.1732400981380928,-0.08024751827417709,-0.40729674293768586,-0.2841682317064414,-0.5897461667921556,-0.42458807454454306,-0.27327928038569904
