CalBP,SPD_TaphCorrected,MC_lo_2.5pct,MC_hi_97.5pct
7300,0.0,0.0026327240984232343,0.010665867271215861
7310,0.0,0.0028316809435914502,0.010804115562979659
7320,0.0,0.0038615086785994046,0.011453505882750107
7330,2.563978087590442e-06,0.004641444443682293,0.01125215789011425
7340,1.0919938539546825e-05,0.004542571180182124,0.010763837359719574
7350,1.0085267082029941e-05,0.004542121039100716,0.010781128187407858
7360,1.1219318645787304e-05,0.004451128226503415,0.010676406123601198
7370,3.602792796525648e-05,0.004063021885540786,0.010011280585192366
7380,1.0133593366319439e-05,0.0041946248221611864,0.010351897205889719
7390,2.866954592490681e-06,0.0039464532673328155,0.01016209089493672
7400,1.223767759924531e-06,0.00317970237414962,0.009091334626366153
7410,1.728025357007686e-06,0.002540322461976551,0.007704383912170272
7420,6.384951566819018e-06,0.002955050122715942,0.008685453324739903
7430,0.003491042315625585,0.003421498789522621,0.009016228386396286
7440,0.006478156956265649,0.004004968137723798,0.009709523955313975
7450,0.004456172737119714,0.003494534256444048,0.009046652364947397
7460,0.0038808769103684743,0.0032421164405553476,0.00867891714526303
7470,0.005223626548911371,0.003525509853628415,0.009052992667888967
7480,0.006778378339471468,0.0038797358579908034,0.009386715502586547
7490,0.007389210708115098,0.003980872905704436,0.009434817111090251
7500,0.007364194598088828,0.0039340255005730854,0.009435294706510269
7510,0.008206942275714344,0.003924411779879259,0.009308472091521936
7520,0.01027138155443813,0.0032498279579706484,0.008696603536343708
7530,0.010109548074767145,0.0032404487239950427,0.008730651144457334
7540,0.008406299122155084,0.003835056601988723,0.009229457972067092
7550,0.007775202122879295,0.0037604005498413366,0.009219804782930963
7560,0.008283506258435649,0.003659894028318243,0.009038997936694914
7570,0.010559080934805188,0.003087362376219386,0.008537061438814353
7580,0.013475887331222992,0.003140394629792619,0.00851228826657268
7590,0.013237613443472088,0.0032963591393302782,0.008881368964238828
7600,0.013241865945571654,0.0032629532093685475,0.008892043018358236
7610,0.013164882788950243,0.0033306603946349745,0.008986543957325484
7620,0.013940204465472788,0.0033615269809635323,0.008983596258054807
7630,0.014327782610810583,0.00331049745080481,0.008883131731164107
7640,0.013919392441142727,0.0033459768663171717,0.00892756165856395
7650,0.013668403454072596,0.0033319173279502683,0.009022606610403074
7660,0.014156862204878608,0.003312343334491674,0.008864944423801762
7670,0.015011177599049063,0.003153275984210066,0.008315373069533756
7680,0.01416950306079437,0.0031307760382729057,0.0077809948251062275
7690,0.012995863648656614,0.003365581950163209,0.007963223773239188
7700,0.012537280123602485,0.003551707816563711,0.00810672632173247
7710,0.01240984074687828,0.0036362319370630797,0.008164587577995866
7720,0.012391950934280018,0.0036471699145870376,0.008189989608004584
7730,0.012331672595089051,0.0036812409848243177,0.00820846288012325
7740,0.01218840374122179,0.0037945849445939757,0.008201242799968471
7750,0.011943601703531273,0.0038794972980748664,0.00829822030221063
7760,0.011835772563090794,0.003912399039441277,0.008271795375321897
7770,0.011937847811057457,0.0038809626585498166,0.008286640193092719
7780,0.011898756486340827,0.0038837831003928364,0.00829130761230202
7790,0.01135480841877623,0.003913840986098219,0.008218562250533041
7800,0.010020459376831187,0.003745327055917375,0.008149950093757689
7810,0.010591517226923995,0.0038323269478384527,0.008166212468518673
7820,0.011352431818588598,0.0038496696286104246,0.008168023224245374
7830,0.01082933254206171,0.0038389084128456173,0.00816204888425
7840,0.009396110744295812,0.003631832532536019,0.008057293612843085
7850,0.008254830501038498,0.0034721320568132184,0.007981332926699088
7860,0.00803417869072916,0.0034565033541847853,0.007927582324540336
7870,0.005920691822403243,0.003147578817087204,0.007797710241552154
7880,0.004490878657050157,0.0029042179379502203,0.007668216188654472
7890,0.004842070106603604,0.0029691932685105534,0.007709354605253645
7900,0.0076840026544488784,0.0033422377320915467,0.00784462490317114
7910,0.008772789758125857,0.0034021464369478525,0.007861823582691897
7920,0.007666888786448895,0.0032510782678974097,0.007751576785844656
7930,0.005230563698019741,0.002960278170888047,0.007606069364452775
7940,0.0044347691141226235,0.0026699948650128432,0.007587706071314062
7950,0.004933677976801181,0.0026242685147474343,0.007629574317224634
7960,0.005473154765378883,0.0026307079333767872,0.007645664499844634
7970,0.009039198016074813,0.0024371271009342556,0.007737828589328343
7980,0.013393041486117818,0.002383679446844881,0.007759726526857958
7990,0.013787429781569266,0.0023753438873463572,0.007762027735172892
8000,0.012555814817256384,0.002409709790443196,0.007718712618759073
8010,0.014477024014347634,0.00242242272421376,0.007571713776003101
8020,0.016061234505601946,0.0025496349257203483,0.0071259285052386635
8030,0.01019797533235014,0.003041613391746159,0.007148071482220899
8040,0.005405384064568151,0.0031752067263458115,0.007253740726365412
8050,0.0034066887522480487,0.0031100951975848007,0.007159118629586695
8060,0.002891515704586809,0.0030785232058037817,0.007023148521323054
8070,0.0030460492159155943,0.0030954621472427672,0.0070086974585862605
8080,0.0035633977727006026,0.0031304849132545096,0.00722484207524903
8090,0.004703111922893669,0.0031676747927673757,0.0073371809948095034
8100,0.006035766191546388,0.003135026756473681,0.007253607758917247
8110,0.0062427635683542084,0.0031316319772417564,0.007294218844828699
8120,0.005160714617728063,0.0031629103116784384,0.00738574994645221
8130,0.004820056093368234,0.0031712493972377073,0.007420406509599632
8140,0.005728742728190977,0.003124186885457297,0.007418860324499921
8150,0.00691276367859041,0.003055266906815527,0.007351707973024825
8160,0.006279040594928066,0.0030587652716908566,0.007337233207500768
8170,0.002887276540039116,0.003040686614566857,0.007160022246288807
8180,0.0008822729367654246,0.0027755694377803375,0.006423114233769777
8190,0.000979349252188018,0.002877217670955919,0.006565464819153171
8200,0.0011878296222030316,0.002986507747346444,0.006866011188634754
8210,0.001339613100909292,0.0030402152708779435,0.006989243563953827
8220,0.001571319093772916,0.002980330694942577,0.007009368419423673
8230,0.0017507207131761363,0.0029136035952923877,0.006855267602703966
8240,0.0015901864260515885,0.0029688500551006834,0.007006477074033279
8250,0.0014759887687365186,0.0029985454109367447,0.007069256157869918
8260,0.001356801363630494,0.0030417079608952373,0.007038000995288269
8270,0.0010723116764075112,0.002895620359776852,0.006717583253688383
8280,0.0011093087152750567,0.0029171218593733637,0.006736416947466995
8290,0.0013089720305948188,0.0029703477913216175,0.006956245160824978
8300,0.0013107107966923155,0.002941446141734477,0.006937378356371222
8310,0.0013777088020099255,0.0029060719864736884,0.006915216188182976
8320,0.001542948916081578,0.0028901263324741036,0.006957580121284112
8330,0.0018716610087728244,0.0027313194364166214,0.006856741628752228
8340,0.002092365916809499,0.0025412487510108176,0.006695427091906615
8350,0.0027232933994094854,0.002115615715360917,0.00655771961721242
8360,0.0027528828917536955,0.002087449749009071,0.006545782601289857
8370,0.003502155333749725,0.0018156539567664443,0.006491652127228832
8380,0.004757348054019761,0.001592523990368807,0.00662208041353339
8390,0.006296768049273915,0.0014293685788197236,0.006681808651513402
8400,0.006692786539659444,0.0014710548526866865,0.006634479542917409
8410,0.007241270751509023,0.0016899188496155462,0.006410656388944905
8420,0.006839748381941202,0.002069181205581009,0.0063630246682734645
8430,0.005899183144996611,0.002334838451951455,0.006550933345029204
8440,0.005938847191059895,0.0023278915589800826,0.006549984202643077
8450,0.005692152354603066,0.0023828650428583393,0.006614441648027265
8460,0.00524662330016368,0.0025261834249453454,0.006707660326683222
8470,0.005210326891456975,0.0025452304718535817,0.006726547494151823
8480,0.005244997175943979,0.0025396330317445973,0.006685695725966397
8490,0.005208256357349264,0.0025332919625851037,0.006691378025214973
8500,0.005337395351290325,0.002495623453688016,0.006715093311934576
8510,0.005582602811394072,0.002414387563495334,0.006616487025904403
8520,0.005221019855307809,0.002542943652958099,0.006682896249937715
8530,0.005221553810348635,0.0025495674053040793,0.006670768584125908
8540,0.005070231044203811,0.002542852442723676,0.006664127317145083
8550,0.005269649124265155,0.002109127866552805,0.006171813335142417
8560,0.005250899176573628,0.0019957515621949738,0.0060015226367364245
8570,0.005261964424126941,0.002135673311489301,0.006097291309771631
8580,0.005264819805792048,0.00222415747462561,0.006272197586104464
8590,0.00525649149581885,0.0019623768986242575,0.005954011161694405
8600,0.004524062576744317,0.001959016490968966,0.005638010640119202
8610,0.003989356716277441,0.0022875617677119045,0.005687833535239663
8620,0.0042979574693556375,0.0020733540450103235,0.005679353908696656
8630,0.004409879460137477,0.002027547314829669,0.0056763622156006215
8640,0.0036888152776375326,0.002496758768080482,0.005775063750299801
8650,0.0033182801409108913,0.0029930604543528375,0.006066486525375167
8660,0.003352165209011361,0.00314340358078545,0.006178052588258481
8670,0.003337131817552041,0.003008039577538263,0.006058569652843804
8680,0.003454505926823208,0.00277943341044815,0.005919603593337077
8690,0.0034049064685711928,0.0028190094956654353,0.005958673674420697
8700,0.0033215670868477097,0.003008256537010728,0.006099348485457471
8710,0.003333385804994941,0.0029681747984993487,0.006063414079945418
8720,0.003327291972121594,0.0030625262480059637,0.006125397564004607
8730,0.003480396398028647,0.003150302384326902,0.006166178343245115
8740,0.003405486094235275,0.0031213304621310776,0.0061494732998962735
8750,0.0033827441112732944,0.003107562537757453,0.006156248941882537
8760,0.0033283798709133087,0.0031056651507117405,0.006159549371266416
8770,0.003430574305980261,0.003144793038258566,0.006134184072169116
8780,0.00399414512021283,0.0029792784163314183,0.005888346417750971
8790,0.004397438158816899,0.0027330862033187538,0.005576655848738395
8800,0.004325606874114522,0.002746570362735575,0.0055987992103604676
8810,0.004378968867110645,0.0027111024263582204,0.00554503211452601
8820,0.004624523197379522,0.0024710278729403053,0.00529159081486744
8830,0.003821583543968153,0.002893741372284309,0.0057676253875949615
8840,0.002999798878596046,0.0030732787853955308,0.006074533099573081
8850,0.0028410245448769883,0.003051364543810066,0.006027416580168945
8860,0.0033054890747939575,0.0029296457786663448,0.00582767283046242
8870,0.0042503969414721616,0.0025595265353547227,0.0053783763998680205
8880,0.00365578660077904,0.002730744109751963,0.00560737139660145
8890,0.0030586556649365377,0.0028144149781184026,0.005709641525363505
8900,0.004057023173595605,0.002481804811962818,0.005329610917280254
8910,0.004079695107432974,0.002393036029355446,0.005241404421101155
8920,0.0029157795622004024,0.002354688308587917,0.005126293402765012
8930,0.0027530766186960945,0.0020258776267014986,0.004687698969312309
8940,0.0030232802818582452,0.001825638417963293,0.004496107442357872
8950,0.003115207934196955,0.0015397083167067872,0.004086549353691996
8960,0.0026913778630022495,0.0011365047996574362,0.0033517992232603416
8970,0.0024390695674072196,0.0007515770812443111,0.002614870140899841
8980,0.003387540770217016,0.0006718809334809735,0.0027217431399540245
8990,0.004697478376450446,0.0006386397532453559,0.0030899603964078706
9000,0.005302216605215982,0.0007246047050351889,0.004256474934603851
9010,0.004647978360979507,0.0009653012279483695,0.0049378090025577175
9020,0.0033923906004938503,0.0015979078029549217,0.005620773737868956
9030,0.0018132595775842684,0.0025817894368071327,0.006737747766247966
9040,0.001103837019766951,0.0031136911024610414,0.007323910617294186
9050,0.0004702015202762604,0.0027643095341615687,0.006906577943796702
9060,0.0005605100421617469,0.0021875393690386534,0.00627475119986584
9070,0.0005807778870120185,0.0020051687313415952,0.006067750136723767
9080,0.0005641387907705741,0.0021040646539893827,0.006134318130864187
9090,0.00036657948804466747,0.002705401004302416,0.0068782321112551715
9100,0.0003582221079827119,0.0028970744249189927,0.0071192576506989265
9110,0.00036923439970877185,0.0026332732329805717,0.006849193097167465
9120,0.00037085083997802,0.0025285772130979093,0.006657672760514606
9130,0.0003058981077335046,0.0031250358083958173,0.007435750932607827
9140,0.00021428936368743766,0.0034391258818271264,0.007825580258210084
9150,0.0001241624356251238,0.0036474313491416735,0.008303788258725516
9160,8.294888209096332e-05,0.0036713516704347483,0.008597548919142198
9170,9.076360352826579e-05,0.003479813772024708,0.007954816680019282
9180,0.00012594507761748338,0.002672231991224316,0.006726890999387564
9190,0.00012672450936715448,0.0020595906710311716,0.005669956694449978
9200,8.326919366207964e-05,0.002248897548015461,0.0060578711030358015
9210,3.860501753980112e-05,0.0022854549424217853,0.006237239990484784
9220,3.7778020652229116e-05,0.0019189734954960758,0.005551474592165381
9230,3.676432596740205e-05,0.0014487311427144741,0.0045863236839131455
9240,0.0,0.0010648516446315158,0.0036854534139336807
9250,0.0,0.0008563056564206568,0.0032122428860150033
9260,0.0,0.0007969247646190877,0.0032153421115695764
9270,0.0,0.000944974909310498,0.003947484861220068
9280,0.0,0.0012614816679063772,0.005309662978390415
9290,0.0,0.001566882776462545,0.006589357585780831
9300,0.0,0.001654993357881691,0.0071260306726185305
9310,0.0,0.0015640571453711713,0.007221516239722859
9320,0.0,0.001555772180704687,0.007380836517511046
9330,0.0,0.0016199461037034203,0.008551062769726428
9340,0.0,0.001178686171344343,0.008025417308031068
9350,0.0,0.0005808380537902597,0.005329505896820357
9360,0.0,0.00020564340350778812,0.0028614790696107452
9370,0.0,2.225074416766976e-05,0.0014753882574818887
9380,0.0,4.169837708819691e-06,0.0013669647129419165
9390,0.0,1.3188996191480687e-07,0.0007313284179065105
9400,0.0,0.0,0.00090864367658263
9410,0.0,0.0,0.0018190873667765942
9420,0.0,0.0,0.002229797164426124
9430,0.0,0.0,0.0037367288544977516
9440,0.0,0.0,0.003882960842143172
9450,0.0,0.0,0.003133077548930021
9460,0.0,0.0,0.0028790174279278583
9470,0.0,0.0,0.00324160817993942
9480,0.0,0.0,0.0034280578801887617
9490,0.0,0.0,0.0035027842378516985
9500,0.0,0.0,0.003317818518751559
